ApplyLink,Title,Company,CompanyRating,CompanyReviewsCount,Experience,Salary,PostedDate,Openings,Applicants,Role,IndustryType,Department,EmploymentType,RoleCategory,Education,Skills,Description,AboutCompany,CompanyAddress,State
https://www.naukri.com/job-listings-apprentice-cipla-south-goa-0-to-0-years-100926025966,Access Denied,"You don't have permission to access ""http://www.naukri.com/job-listings-apprentice-cipla-south-goa-0-to-0-years-100926025966"" on this server.",N/A,N/A,N/A,N/A,N/A,N/A,N/A,N/A,N/A,N/A,N/A,N/A,N/A,N/A,N/A,N/A,N/A,goa
https://www.naukri.com/job-listings-front-office-associate-hilton-panaji-0-to-2-years-110926504667,Access Denied,"You don't have permission to access ""http://www.naukri.com/job-listings-front-office-associate-hilton-panaji-0-to-2-years-110926504667"" on this server.",N/A,N/A,N/A,N/A,N/A,N/A,N/A,N/A,N/A,N/A,N/A,N/A,N/A,N/A,N/A,N/A,N/A,goa
https://www.naukri.com/job-listings-sales-coordinator-kalawati-music-academy-panaji-1-to-3-years-120926009443,Access Denied,"You don't have permission to access ""http://www.naukri.com/job-listings-sales-coordinator-kalawati-music-academy-panaji-1-to-3-years-120926009443"" on this server.",N/A,N/A,N/A,N/A,N/A,N/A,N/A,N/A,N/A,N/A,N/A,N/A,N/A,N/A,N/A,N/A,N/A,goa
https://www.naukri.com/job-listings-civil-site-supervisor-spacewood-south-goa-pune-mumbai-all-areas-0-to-5-years-230826004151,Access Denied,"You don't have permission to access ""http://www.naukri.com/job-listings-civil-site-supervisor-spacewood-south-goa-pune-mumbai-all-areas-0-to-5-years-230826004151"" on this server.",N/A,N/A,N/A,N/A,N/A,N/A,N/A,N/A,N/A,N/A,N/A,N/A,N/A,N/A,N/A,N/A,N/A,goa
https://www.naukri.com/job-listings-tele-sales-executive-randstad-south-goa-pune-1-to-6-years-020926032845,Access Denied,"You don't have permission to access ""http://www.naukri.com/job-listings-tele-sales-executive-randstad-south-goa-pune-1-to-6-years-020926032845"" on this server.",N/A,N/A,N/A,N/A,N/A,N/A,N/A,N/A,N/A,N/A,N/A,N/A,N/A,N/A,N/A,N/A,N/A,goa
https://www.naukri.com/job-listings-business-development-manager-randstad-south-goa-pune-north-goa-1-to-6-years-020926024728,Access Denied,"You don't have permission to access ""http://www.naukri.com/job-listings-business-development-manager-randstad-south-goa-pune-north-goa-1-to-6-years-020926024728"" on this server.",N/A,N/A,N/A,N/A,N/A,N/A,N/A,N/A,N/A,N/A,N/A,N/A,N/A,N/A,N/A,N/A,N/A,goa
https://www.naukri.com/job-listings-horeca-sales-executive-bisleri-south-goa-1-to-6-years-180626036386,Access Denied,"You don't have permission to access ""http://www.naukri.com/job-listings-horeca-sales-executive-bisleri-south-goa-1-to-6-years-180626036386"" on this server.",N/A,N/A,N/A,N/A,N/A,N/A,N/A,N/A,N/A,N/A,N/A,N/A,N/A,N/A,N/A,N/A,N/A,goa
https://www.naukri.com/job-listings-optometrist-lenskart-south-goa-ahmedabad-mumbai-all-areas-0-to-5-years-110926005225,Access Denied,"You don't have permission to access ""http://www.naukri.com/job-listings-optometrist-lenskart-south-goa-ahmedabad-mumbai-all-areas-0-to-5-years-110926005225"" on this server.",N/A,N/A,N/A,N/A,N/A,N/A,N/A,N/A,N/A,N/A,N/A,N/A,N/A,N/A,N/A,N/A,N/A,goa
https://www.naukri.com/job-listings-unit-admin-and-maintenance-head-shoppers-stop-north-goa-2-to-4-years-180226032875,Access Denied,"You don't have permission to access ""http://www.naukri.com/job-listings-unit-admin-and-maintenance-head-shoppers-stop-north-goa-2-to-4-years-180226032875"" on this server.",N/A,N/A,N/A,N/A,N/A,N/A,N/A,N/A,N/A,N/A,N/A,N/A,N/A,N/A,N/A,N/A,N/A,goa
https://www.naukri.com/job-listings-food-beverage-associate-hilton-panaji-0-to-5-years-110926505148,Access Denied,"You don't have permission to access ""http://www.naukri.com/job-listings-food-beverage-associate-hilton-panaji-0-to-5-years-110926505148"" on this server.",N/A,N/A,N/A,N/A,N/A,N/A,N/A,N/A,N/A,N/A,N/A,N/A,N/A,N/A,N/A,N/A,N/A,goa
https://www.naukri.com/job-listings-medical-oncology-consultant-manipal-hospitals-south-goa-nashik-pune-0-to-5-years-190826010797,Access Denied,"You don't have permission to access ""http://www.naukri.com/job-listings-medical-oncology-consultant-manipal-hospitals-south-goa-nashik-pune-0-to-5-years-190826010797"" on this server.",N/A,N/A,N/A,N/A,N/A,N/A,N/A,N/A,N/A,N/A,N/A,N/A,N/A,N/A,N/A,N/A,N/A,goa
https://www.naukri.com/job-listings-lead-ehs-larsen-toubro-l-t-north-goa-bengaluru-mumbai-all-areas-10-to-15-years-180826039428,Access Denied,"You don't have permission to access ""http://www.naukri.com/job-listings-lead-ehs-larsen-toubro-l-t-north-goa-bengaluru-mumbai-all-areas-10-to-15-years-180826039428"" on this server.",N/A,N/A,N/A,N/A,N/A,N/A,N/A,N/A,N/A,N/A,N/A,N/A,N/A,N/A,N/A,N/A,N/A,goa
https://www.naukri.com/job-listings-junior-dietician-sodexo-north-goa-0-to-1-years-240826013822,Access Denied,"You don't have permission to access ""http://www.naukri.com/job-listings-junior-dietician-sodexo-north-goa-0-to-1-years-240826013822"" on this server.",N/A,N/A,N/A,N/A,N/A,N/A,N/A,N/A,N/A,N/A,N/A,N/A,N/A,N/A,N/A,N/A,N/A,goa
https://www.naukri.com/job-listings-commercial-marketing-manager-remote-infotech-private-limited-panaji-3-to-5-years-120926008596,Access Denied,"You don't have permission to access ""http://www.naukri.com/job-listings-commercial-marketing-manager-remote-infotech-private-limited-panaji-3-to-5-years-120926008596"" on this server.",N/A,N/A,N/A,N/A,N/A,N/A,N/A,N/A,N/A,N/A,N/A,N/A,N/A,N/A,N/A,N/A,N/A,goa
https://www.naukri.com/job-listings-senior-officer-cat-sparc-axis-max-life-insurance-limited-panaji-0-to-5-years-100926504111,Access Denied,"You don't have permission to access ""http://www.naukri.com/job-listings-senior-officer-cat-sparc-axis-max-life-insurance-limited-panaji-0-to-5-years-100926504111"" on this server.",N/A,N/A,N/A,N/A,N/A,N/A,N/A,N/A,N/A,N/A,N/A,N/A,N/A,N/A,N/A,N/A,N/A,goa
https://www.naukri.com/job-listings-b2b-corporate-sales-associate-sr-associate-delhivery-mumbai-north-goa-chennai-2-to-7-years-170726030689,Access Denied,"You don't have permission to access ""http://www.naukri.com/job-listings-b2b-corporate-sales-associate-sr-associate-delhivery-mumbai-north-goa-chennai-2-to-7-years-170726030689"" on this server.",N/A,N/A,N/A,N/A,N/A,N/A,N/A,N/A,N/A,N/A,N/A,N/A,N/A,N/A,N/A,N/A,N/A,goa
https://www.naukri.com/job-listings-senior-officer-packing-pen-cartridge-sterile-injectables-cipla-south-goa-5-to-10-years-190626006775,Access Denied,"You don't have permission to access ""http://www.naukri.com/job-listings-senior-officer-packing-pen-cartridge-sterile-injectables-cipla-south-goa-5-to-10-years-190626006775"" on this server.",N/A,N/A,N/A,N/A,N/A,N/A,N/A,N/A,N/A,N/A,N/A,N/A,N/A,N/A,N/A,N/A,N/A,goa
https://www.naukri.com/job-listings-it-operations-consultant-conduent-business-services-india-llp-panaji-5-to-10-years-140926903478,Access Denied,"You don't have permission to access ""http://www.naukri.com/job-listings-it-operations-consultant-conduent-business-services-india-llp-panaji-5-to-10-years-140926903478"" on this server.",N/A,N/A,N/A,N/A,N/A,N/A,N/A,N/A,N/A,N/A,N/A,N/A,N/A,N/A,N/A,N/A,N/A,goa
https://www.naukri.com/job-listings-demi-chef-de-partie-marriott-salcete-0-to-8-years-110926504787,Access Denied,"You don't have permission to access ""http://www.naukri.com/job-listings-demi-chef-de-partie-marriott-salcete-0-to-8-years-110926504787"" on this server.",N/A,N/A,N/A,N/A,N/A,N/A,N/A,N/A,N/A,N/A,N/A,N/A,N/A,N/A,N/A,N/A,N/A,goa
https://www.naukri.com/job-listings-section-head-electrical-osd-cipla-south-goa-8-to-11-years-260626021179,Access Denied,"You don't have permission to access ""http://www.naukri.com/job-listings-section-head-electrical-osd-cipla-south-goa-8-to-11-years-260626021179"" on this server.",N/A,N/A,N/A,N/A,N/A,N/A,N/A,N/A,N/A,N/A,N/A,N/A,N/A,N/A,N/A,N/A,N/A,goa
https://www.naukri.com/job-listings-store-manager-airtel-patna-ranchi-2-to-7-years-120926012626,Access Denied,"You don't have permission to access ""http://www.naukri.com/job-listings-store-manager-airtel-patna-ranchi-2-to-7-years-120926012626"" on this server.",N/A,N/A,N/A,N/A,N/A,N/A,N/A,N/A,N/A,N/A,N/A,N/A,N/A,N/A,N/A,N/A,N/A,jharkhand
https://www.naukri.com/job-listings-assistant-sr-assistant-stores-nagarjuna-construction-company-ncc-ranchi-karnataka-andhra-pradesh-1-to-6-years-150626013267,Access Denied,"You don't have permission to access ""http://www.naukri.com/job-listings-assistant-sr-assistant-stores-nagarjuna-construction-company-ncc-ranchi-karnataka-andhra-pradesh-1-to-6-years-150626013267"" on this server.",N/A,N/A,N/A,N/A,N/A,N/A,N/A,N/A,N/A,N/A,N/A,N/A,N/A,N/A,N/A,N/A,N/A,jharkhand
https://www.naukri.com/job-listings-domestic-voice-process-ranchi-2coms-ranchi-1-to-1-years-140826018949,Access Denied,"You don't have permission to access ""http://www.naukri.com/job-listings-domestic-voice-process-ranchi-2coms-ranchi-1-to-1-years-140826018949"" on this server.",N/A,N/A,N/A,N/A,N/A,N/A,N/A,N/A,N/A,N/A,N/A,N/A,N/A,N/A,N/A,N/A,N/A,jharkhand
https://www.naukri.com/job-listings-executive-debt-management-services-rural-bajaj-finance-limited-jamua-0-to-2-years-100926925877,Access Denied,"You don't have permission to access ""http://www.naukri.com/job-listings-executive-debt-management-services-rural-bajaj-finance-limited-jamua-0-to-2-years-100926925877"" on this server.",N/A,N/A,N/A,N/A,N/A,N/A,N/A,N/A,N/A,N/A,N/A,N/A,N/A,N/A,N/A,N/A,N/A,jharkhand
https://www.naukri.com/job-listings-executive-debt-management-services-rural-bajaj-finance-limited-bundu-0-to-2-years-100926925588,Access Denied,"You don't have permission to access ""http://www.naukri.com/job-listings-executive-debt-management-services-rural-bajaj-finance-limited-bundu-0-to-2-years-100926925588"" on this server.",N/A,N/A,N/A,N/A,N/A,N/A,N/A,N/A,N/A,N/A,N/A,N/A,N/A,N/A,N/A,N/A,N/A,jharkhand
https://www.naukri.com/job-listings-senior-executive-debt-management-services-sme-bajaj-finance-limited-bhandra-0-to-2-years-100926933406,Access Denied,"You don't have permission to access ""http://www.naukri.com/job-listings-senior-executive-debt-management-services-sme-bajaj-finance-limited-bhandra-0-to-2-years-100926933406"" on this server.",N/A,N/A,N/A,N/A,N/A,N/A,N/A,N/A,N/A,N/A,N/A,N/A,N/A,N/A,N/A,N/A,N/A,jharkhand
https://www.naukri.com/job-listings-tied-agency-ardm-l1-2-3-ranchi-1-arjan-place-kotak-mahindra-life-insurance-company-limited-ranchi-0-to-2-years-110926921130,Access Denied,"You don't have permission to access ""http://www.naukri.com/job-listings-tied-agency-ardm-l1-2-3-ranchi-1-arjan-place-kotak-mahindra-life-insurance-company-limited-ranchi-0-to-2-years-110926921130"" on this server.",N/A,N/A,N/A,N/A,N/A,N/A,N/A,N/A,N/A,N/A,N/A,N/A,N/A,N/A,N/A,N/A,N/A,jharkhand
https://www.naukri.com/job-listings-senior-executive-debt-management-services-unpl-bajaj-finance-limited-ranchi-0-to-2-years-100926925909,Access Denied,"You don't have permission to access ""http://www.naukri.com/job-listings-senior-executive-debt-management-services-unpl-bajaj-finance-limited-ranchi-0-to-2-years-100926925909"" on this server.",N/A,N/A,N/A,N/A,N/A,N/A,N/A,N/A,N/A,N/A,N/A,N/A,N/A,N/A,N/A,N/A,N/A,jharkhand
https://www.naukri.com/job-listings-senior-executive-debt-management-services-unpl-bajaj-finance-limited-jamshedpur-0-to-2-years-100926925762,Access Denied,"You don't have permission to access ""http://www.naukri.com/job-listings-senior-executive-debt-management-services-unpl-bajaj-finance-limited-jamshedpur-0-to-2-years-100926925762"" on this server.",N/A,N/A,N/A,N/A,N/A,N/A,N/A,N/A,N/A,N/A,N/A,N/A,N/A,N/A,N/A,N/A,N/A,jharkhand
https://www.naukri.com/job-listings-associate-sales-manager-bancassurance-axis-max-life-insurance-limited-bokaro-dhanbad-jamshedpur-ranchi-0-to-5-years-090926504307,Access Denied,"You don't have permission to access ""http://www.naukri.com/job-listings-associate-sales-manager-bancassurance-axis-max-life-insurance-limited-bokaro-dhanbad-jamshedpur-ranchi-0-to-5-years-090926504307"" on this server.",N/A,N/A,N/A,N/A,N/A,N/A,N/A,N/A,N/A,N/A,N/A,N/A,N/A,N/A,N/A,N/A,N/A,jharkhand
https://www.naukri.com/job-listings-development-relationship-manager-health-agency-icici-lombard-ranchi-1-to-6-years-240626035061,Access Denied,"You don't have permission to access ""http://www.naukri.com/job-listings-development-relationship-manager-health-agency-icici-lombard-ranchi-1-to-6-years-240626035061"" on this server.",N/A,N/A,N/A,N/A,N/A,N/A,N/A,N/A,N/A,N/A,N/A,N/A,N/A,N/A,N/A,N/A,N/A,jharkhand
https://www.naukri.com/job-listings-associate-agency-development-manager-axis-max-life-insurance-limited-bokaro-dhanbad-jamshedpur-ranchi-0-to-5-years-100926504084,Access Denied,"You don't have permission to access ""http://www.naukri.com/job-listings-associate-agency-development-manager-axis-max-life-insurance-limited-bokaro-dhanbad-jamshedpur-ranchi-0-to-5-years-100926504084"" on this server.",N/A,N/A,N/A,N/A,N/A,N/A,N/A,N/A,N/A,N/A,N/A,N/A,N/A,N/A,N/A,N/A,N/A,jharkhand
https://www.naukri.com/job-listings-management-trainee-muthoot-finance-agra-ranchi-karnal-0-to-0-years-090926032972,Access Denied,"You don't have permission to access ""http://www.naukri.com/job-listings-management-trainee-muthoot-finance-agra-ranchi-karnal-0-to-0-years-090926032972"" on this server.",N/A,N/A,N/A,N/A,N/A,N/A,N/A,N/A,N/A,N/A,N/A,N/A,N/A,N/A,N/A,N/A,N/A,jharkhand
https://www.naukri.com/job-listings-asst-manager-manager-sales-bd-vcqru-we-secure-you-mumbai-indore-dehradun-patna-kanpur-baddi-ranchi-chennai-ahmedabad-1-to-6-years-181125502246,Access Denied,"You don't have permission to access ""http://www.naukri.com/job-listings-asst-manager-manager-sales-bd-vcqru-we-secure-you-mumbai-indore-dehradun-patna-kanpur-baddi-ranchi-chennai-ahmedabad-1-to-6-years-181125502246"" on this server.",N/A,N/A,N/A,N/A,N/A,N/A,N/A,N/A,N/A,N/A,N/A,N/A,N/A,N/A,N/A,N/A,N/A,jharkhand
https://www.naukri.com/job-listings-sales-manager-leadership-opportunities-sresth-info-solutions-surat-guwahati-kolkata-siliguri-contai-ranchi-bally-jagachha-3-to-5-years-120926015000,Access Denied,"You don't have permission to access ""http://www.naukri.com/job-listings-sales-manager-leadership-opportunities-sresth-info-solutions-surat-guwahati-kolkata-siliguri-contai-ranchi-bally-jagachha-3-to-5-years-120926015000"" on this server.",N/A,N/A,N/A,N/A,N/A,N/A,N/A,N/A,N/A,N/A,N/A,N/A,N/A,N/A,N/A,N/A,N/A,jharkhand
https://www.naukri.com/job-listings-anaesthetist-and-icu-doctor-jamshedpur-randstad-jamshedpur-0-to-5-years-180526014316,Access Denied,"You don't have permission to access ""http://www.naukri.com/job-listings-anaesthetist-and-icu-doctor-jamshedpur-randstad-jamshedpur-0-to-5-years-180526014316"" on this server.",N/A,N/A,N/A,N/A,N/A,N/A,N/A,N/A,N/A,N/A,N/A,N/A,N/A,N/A,N/A,N/A,N/A,jharkhand
https://www.naukri.com/job-listings-assistant-manger-specification-saint-gobain-ranchi-mumbai-all-areas-8-to-12-years-270826021292,Access Denied,"You don't have permission to access ""http://www.naukri.com/job-listings-assistant-manger-specification-saint-gobain-ranchi-mumbai-all-areas-8-to-12-years-270826021292"" on this server.",N/A,N/A,N/A,N/A,N/A,N/A,N/A,N/A,N/A,N/A,N/A,N/A,N/A,N/A,N/A,N/A,N/A,jharkhand
https://www.naukri.com/job-listings-sales-executive-hp-hp-adhesives-limited-panipat-rohtak-visakhapatnam-hyderabad-coimbatore-ahmednagar-kolhapur-udaipur-mumbai-dhule-dehradun-jabalpur-ratnagiri-mangaluru-pune-sambalpur-puducherry-satara-dhanbad-2-to-5-years-180624502633,Access Denied,"You don't have permission to access ""http://www.naukri.com/job-listings-sales-executive-hp-hp-adhesives-limited-panipat-rohtak-visakhapatnam-hyderabad-coimbatore-ahmednagar-kolhapur-udaipur-mumbai-dhule-dehradun-jabalpur-ratnagiri-mangaluru-pune-sambalpur-puducherry-satara-dhanbad-2-to-5-years-180624502633"" on this server.",N/A,N/A,N/A,N/A,N/A,N/A,N/A,N/A,N/A,N/A,N/A,N/A,N/A,N/A,N/A,N/A,N/A,jharkhand
https://www.naukri.com/job-listings-sr-manager-manager-branch-sales-orion-security-solutions-pvt-ltd-visakhapatnam-chandigarh-patna-jamshedpur-gurgaon-surat-bengaluru-2-to-5-years-251018500077,Access Denied,"You don't have permission to access ""http://www.naukri.com/job-listings-sr-manager-manager-branch-sales-orion-security-solutions-pvt-ltd-visakhapatnam-chandigarh-patna-jamshedpur-gurgaon-surat-bengaluru-2-to-5-years-251018500077"" on this server.",N/A,N/A,N/A,N/A,N/A,N/A,N/A,N/A,N/A,N/A,N/A,N/A,N/A,N/A,N/A,N/A,N/A,jharkhand
https://www.naukri.com/job-listings-service-advisor-car-inspection-ranchi-cars24-ranchi-1-to-10-years-130926004712,Access Denied,"You don't have permission to access ""http://www.naukri.com/job-listings-service-advisor-car-inspection-ranchi-cars24-ranchi-1-to-10-years-130926004712"" on this server.",N/A,N/A,N/A,N/A,N/A,N/A,N/A,N/A,N/A,N/A,N/A,N/A,N/A,N/A,N/A,N/A,N/A,jharkhand
https://www.naukri.com/job-listings-accounts-payable-specialist-deloitte-us-india-offices-kolkata-gurugram-mumbai-all-areas-2-to-5-years-271025006471,Access Denied,"You don't have permission to access ""http://www.naukri.com/job-listings-accounts-payable-specialist-deloitte-us-india-offices-kolkata-gurugram-mumbai-all-areas-2-to-5-years-271025006471"" on this server.",N/A,N/A,N/A,N/A,N/A,N/A,N/A,N/A,N/A,N/A,N/A,N/A,N/A,N/A,N/A,N/A,N/A,haryana
https://www.naukri.com/job-listings-telecom-network-architect-wireline-tata-consultancy-services-hyderabad-gurugram-bengaluru-15-to-20-years-080926025785,Access Denied,"You don't have permission to access ""http://www.naukri.com/job-listings-telecom-network-architect-wireline-tata-consultancy-services-hyderabad-gurugram-bengaluru-15-to-20-years-080926025785"" on this server.",N/A,N/A,N/A,N/A,N/A,N/A,N/A,N/A,N/A,N/A,N/A,N/A,N/A,N/A,N/A,N/A,N/A,haryana
https://www.naukri.com/job-listings-business-analyst-capco-pune-gurugram-bengaluru-7-to-12-years-110926013175,Access Denied,"You don't have permission to access ""http://www.naukri.com/job-listings-business-analyst-capco-pune-gurugram-bengaluru-7-to-12-years-110926013175"" on this server.",N/A,N/A,N/A,N/A,N/A,N/A,N/A,N/A,N/A,N/A,N/A,N/A,N/A,N/A,N/A,N/A,N/A,haryana
https://www.naukri.com/job-listings-genai-engineer-pwc-india-gurugram-bengaluru-2-to-7-years-180826012550,Access Denied,"You don't have permission to access ""http://www.naukri.com/job-listings-genai-engineer-pwc-india-gurugram-bengaluru-2-to-7-years-180826012550"" on this server.",N/A,N/A,N/A,N/A,N/A,N/A,N/A,N/A,N/A,N/A,N/A,N/A,N/A,N/A,N/A,N/A,N/A,haryana
https://www.naukri.com/job-listings-workday-hcm-consultant-absence-time-tracking-pwc-gurugram-chennai-bengaluru-5-to-10-years-140926008259,Access Denied,"You don't have permission to access ""http://www.naukri.com/job-listings-workday-hcm-consultant-absence-time-tracking-pwc-gurugram-chennai-bengaluru-5-to-10-years-140926008259"" on this server.",N/A,N/A,N/A,N/A,N/A,N/A,N/A,N/A,N/A,N/A,N/A,N/A,N/A,N/A,N/A,N/A,N/A,haryana
https://www.naukri.com/job-listings-sap-expert-volkswagen-group-technology-solutions-india-private-limited-pune-gurugram-bengaluru-7-to-12-years-100926909953,Access Denied,"You don't have permission to access ""http://www.naukri.com/job-listings-sap-expert-volkswagen-group-technology-solutions-india-private-limited-pune-gurugram-bengaluru-7-to-12-years-100926909953"" on this server.",N/A,N/A,N/A,N/A,N/A,N/A,N/A,N/A,N/A,N/A,N/A,N/A,N/A,N/A,N/A,N/A,N/A,haryana
https://www.naukri.com/job-listings-core-finance-change-delivery-capco-pune-gurugram-bengaluru-7-to-12-years-130926004707,Access Denied,"You don't have permission to access ""http://www.naukri.com/job-listings-core-finance-change-delivery-capco-pune-gurugram-bengaluru-7-to-12-years-130926004707"" on this server.",N/A,N/A,N/A,N/A,N/A,N/A,N/A,N/A,N/A,N/A,N/A,N/A,N/A,N/A,N/A,N/A,N/A,haryana
https://www.naukri.com/job-listings-ey-gds-ai-governance-manager-ey-hyderabad-gurugram-bengaluru-8-to-12-years-190826037005,Access Denied,"You don't have permission to access ""http://www.naukri.com/job-listings-ey-gds-ai-governance-manager-ey-hyderabad-gurugram-bengaluru-8-to-12-years-190826037005"" on this server.",N/A,N/A,N/A,N/A,N/A,N/A,N/A,N/A,N/A,N/A,N/A,N/A,N/A,N/A,N/A,N/A,N/A,haryana
https://www.naukri.com/job-listings-formwork-engineer-tata-projects-mumbai-gurugram-chennai-4-to-9-years-110926007158,Access Denied,"You don't have permission to access ""http://www.naukri.com/job-listings-formwork-engineer-tata-projects-mumbai-gurugram-chennai-4-to-9-years-110926007158"" on this server.",N/A,N/A,N/A,N/A,N/A,N/A,N/A,N/A,N/A,N/A,N/A,N/A,N/A,N/A,N/A,N/A,N/A,haryana
https://www.naukri.com/job-listings-workday-hcm-functional-consultant-pwc-hyderabad-bangalore-rural-gurugram-5-to-10-years-140926008218,Access Denied,"You don't have permission to access ""http://www.naukri.com/job-listings-workday-hcm-functional-consultant-pwc-hyderabad-bangalore-rural-gurugram-5-to-10-years-140926008218"" on this server.",N/A,N/A,N/A,N/A,N/A,N/A,N/A,N/A,N/A,N/A,N/A,N/A,N/A,N/A,N/A,N/A,N/A,haryana
https://www.naukri.com/job-listings-aws-gen-ai-engineer-pwc-pune-gurugram-bengaluru-10-to-18-years-070926002977,Access Denied,"You don't have permission to access ""http://www.naukri.com/job-listings-aws-gen-ai-engineer-pwc-pune-gurugram-bengaluru-10-to-18-years-070926002977"" on this server.",N/A,N/A,N/A,N/A,N/A,N/A,N/A,N/A,N/A,N/A,N/A,N/A,N/A,N/A,N/A,N/A,N/A,haryana
https://www.naukri.com/job-listings-s-c-gn-tech-strategy-advisory-data-strategy-manager-accenture-solutions-pvt-ltd-mumbai-gurugram-bengaluru-10-to-13-years-310826917943,Access Denied,"You don't have permission to access ""http://www.naukri.com/job-listings-s-c-gn-tech-strategy-advisory-data-strategy-manager-accenture-solutions-pvt-ltd-mumbai-gurugram-bengaluru-10-to-13-years-310826917943"" on this server.",N/A,N/A,N/A,N/A,N/A,N/A,N/A,N/A,N/A,N/A,N/A,N/A,N/A,N/A,N/A,N/A,N/A,haryana
https://www.naukri.com/job-listings-workday-compensation-consultant-pwc-hyderabad-gurugram-bengaluru-5-to-10-years-140926007438,Access Denied,"You don't have permission to access ""http://www.naukri.com/job-listings-workday-compensation-consultant-pwc-hyderabad-gurugram-bengaluru-5-to-10-years-140926007438"" on this server.",N/A,N/A,N/A,N/A,N/A,N/A,N/A,N/A,N/A,N/A,N/A,N/A,N/A,N/A,N/A,N/A,N/A,haryana
https://www.naukri.com/job-listings-sap-expert-volkswagen-group-technology-solutions-india-private-limited-pune-gurugram-bengaluru-7-to-12-years-100926909940,Access Denied,"You don't have permission to access ""http://www.naukri.com/job-listings-sap-expert-volkswagen-group-technology-solutions-india-private-limited-pune-gurugram-bengaluru-7-to-12-years-100926909940"" on this server.",N/A,N/A,N/A,N/A,N/A,N/A,N/A,N/A,N/A,N/A,N/A,N/A,N/A,N/A,N/A,N/A,N/A,haryana
https://www.naukri.com/job-listings-automation-anywhere-developer-iqvia-gurugram-bengaluru-5-to-8-years-251125020251,Access Denied,"You don't have permission to access ""http://www.naukri.com/job-listings-automation-anywhere-developer-iqvia-gurugram-bengaluru-5-to-8-years-251125020251"" on this server.",N/A,N/A,N/A,N/A,N/A,N/A,N/A,N/A,N/A,N/A,N/A,N/A,N/A,N/A,N/A,N/A,N/A,haryana
https://www.naukri.com/job-listings-databricks-agentic-ai-python-pwc-pune-gurugram-bengaluru-4-to-9-years-090926017712,Access Denied,"You don't have permission to access ""http://www.naukri.com/job-listings-databricks-agentic-ai-python-pwc-pune-gurugram-bengaluru-4-to-9-years-090926017712"" on this server.",N/A,N/A,N/A,N/A,N/A,N/A,N/A,N/A,N/A,N/A,N/A,N/A,N/A,N/A,N/A,N/A,N/A,haryana
https://www.naukri.com/job-listings-senior-tibco-developer-pwc-mumbai-pune-gurugram-5-to-10-years-180826041974,Access Denied,"You don't have permission to access ""http://www.naukri.com/job-listings-senior-tibco-developer-pwc-mumbai-pune-gurugram-5-to-10-years-180826041974"" on this server.",N/A,N/A,N/A,N/A,N/A,N/A,N/A,N/A,N/A,N/A,N/A,N/A,N/A,N/A,N/A,N/A,N/A,haryana
https://www.naukri.com/job-listings-workday-extend-consultant-pwc-gurugram-chennai-bengaluru-5-to-10-years-140926008133,Access Denied,"You don't have permission to access ""http://www.naukri.com/job-listings-workday-extend-consultant-pwc-gurugram-chennai-bengaluru-5-to-10-years-140926008133"" on this server.",N/A,N/A,N/A,N/A,N/A,N/A,N/A,N/A,N/A,N/A,N/A,N/A,N/A,N/A,N/A,N/A,N/A,haryana
https://www.naukri.com/job-listings-workday-benefits-consultant-pwc-gurugram-chennai-bengaluru-5-to-10-years-140926007931,Access Denied,"You don't have permission to access ""http://www.naukri.com/job-listings-workday-benefits-consultant-pwc-gurugram-chennai-bengaluru-5-to-10-years-140926007931"" on this server.",N/A,N/A,N/A,N/A,N/A,N/A,N/A,N/A,N/A,N/A,N/A,N/A,N/A,N/A,N/A,N/A,N/A,haryana
https://www.naukri.com/job-listings-guidewire-developer-pwc-pune-gurugram-bengaluru-4-to-9-years-040926012970,Access Denied,"You don't have permission to access ""http://www.naukri.com/job-listings-guidewire-developer-pwc-pune-gurugram-bengaluru-4-to-9-years-040926012970"" on this server.",N/A,N/A,N/A,N/A,N/A,N/A,N/A,N/A,N/A,N/A,N/A,N/A,N/A,N/A,N/A,N/A,N/A,haryana
https://www.naukri.com/job-listings-relationship-officer-gold-loan-au-financiers-india-limited-palin-0-to-3-years-070926505239,Access Denied,"You don't have permission to access ""http://www.naukri.com/job-listings-relationship-officer-gold-loan-au-financiers-india-limited-palin-0-to-3-years-070926505239"" on this server.",N/A,N/A,N/A,N/A,N/A,N/A,N/A,N/A,N/A,N/A,N/A,N/A,N/A,N/A,N/A,N/A,N/A,arunachal-pradesh
https://www.naukri.com/job-listings-executive-debt-management-services-rural-bajaj-finance-limited-palin-0-to-2-years-100926926283,Access Denied,"You don't have permission to access ""http://www.naukri.com/job-listings-executive-debt-management-services-rural-bajaj-finance-limited-palin-0-to-2-years-100926926283"" on this server.",N/A,N/A,N/A,N/A,N/A,N/A,N/A,N/A,N/A,N/A,N/A,N/A,N/A,N/A,N/A,N/A,N/A,arunachal-pradesh
https://www.naukri.com/job-listings-relationship-manager-mfi-gl-north-bajaj-finance-limited-palin-1-to-2-years-100926932319,Access Denied,"You don't have permission to access ""http://www.naukri.com/job-listings-relationship-manager-mfi-gl-north-bajaj-finance-limited-palin-1-to-2-years-100926932319"" on this server.",N/A,N/A,N/A,N/A,N/A,N/A,N/A,N/A,N/A,N/A,N/A,N/A,N/A,N/A,N/A,N/A,N/A,arunachal-pradesh
https://www.naukri.com/job-listings-business-executive-mahindra-finance-naharlagun-0-to-1-years-290826010945,Access Denied,"You don't have permission to access ""http://www.naukri.com/job-listings-business-executive-mahindra-finance-naharlagun-0-to-1-years-290826010945"" on this server.",N/A,N/A,N/A,N/A,N/A,N/A,N/A,N/A,N/A,N/A,N/A,N/A,N/A,N/A,N/A,N/A,N/A,arunachal-pradesh
https://www.naukri.com/job-listings-relationship-manager-mfi-north-bajaj-finance-limited-palin-sojat-1-to-2-years-040926909359,Access Denied,"You don't have permission to access ""http://www.naukri.com/job-listings-relationship-manager-mfi-north-bajaj-finance-limited-palin-sojat-1-to-2-years-040926909359"" on this server.",N/A,N/A,N/A,N/A,N/A,N/A,N/A,N/A,N/A,N/A,N/A,N/A,N/A,N/A,N/A,N/A,N/A,arunachal-pradesh
https://www.naukri.com/job-listings-executive-debt-management-services-rural-bajaj-finance-limited-palin-0-to-2-years-030926926423,Access Denied,"You don't have permission to access ""http://www.naukri.com/job-listings-executive-debt-management-services-rural-bajaj-finance-limited-palin-0-to-2-years-030926926423"" on this server.",N/A,N/A,N/A,N/A,N/A,N/A,N/A,N/A,N/A,N/A,N/A,N/A,N/A,N/A,N/A,N/A,N/A,arunachal-pradesh
https://www.naukri.com/job-listings-intern-au-financiers-india-limited-palin-0-to-1-years-070926504831,Access Denied,"You don't have permission to access ""http://www.naukri.com/job-listings-intern-au-financiers-india-limited-palin-0-to-1-years-070926504831"" on this server.",N/A,N/A,N/A,N/A,N/A,N/A,N/A,N/A,N/A,N/A,N/A,N/A,N/A,N/A,N/A,N/A,N/A,arunachal-pradesh
https://www.naukri.com/job-listings-rakshak-manager-defence-axis-max-life-insurance-limited-naharlagun-aalo-itanagar-1-to-7-years-310826500554,Access Denied,"You don't have permission to access ""http://www.naukri.com/job-listings-rakshak-manager-defence-axis-max-life-insurance-limited-naharlagun-aalo-itanagar-1-to-7-years-310826500554"" on this server.",N/A,N/A,N/A,N/A,N/A,N/A,N/A,N/A,N/A,N/A,N/A,N/A,N/A,N/A,N/A,N/A,N/A,arunachal-pradesh
https://www.naukri.com/job-listings-senior-relationship-executive-mfi-north-bajaj-finance-limited-palin-sojat-2-to-3-years-040926908999,Access Denied,"You don't have permission to access ""http://www.naukri.com/job-listings-senior-relationship-executive-mfi-north-bajaj-finance-limited-palin-sojat-2-to-3-years-040926908999"" on this server.",N/A,N/A,N/A,N/A,N/A,N/A,N/A,N/A,N/A,N/A,N/A,N/A,N/A,N/A,N/A,N/A,N/A,arunachal-pradesh
https://www.naukri.com/job-listings-senior-relationship-officer-home-loan-au-financiers-india-limited-palin-1-to-4-years-070926506560,Access Denied,"You don't have permission to access ""http://www.naukri.com/job-listings-senior-relationship-officer-home-loan-au-financiers-india-limited-palin-1-to-4-years-070926506560"" on this server.",N/A,N/A,N/A,N/A,N/A,N/A,N/A,N/A,N/A,N/A,N/A,N/A,N/A,N/A,N/A,N/A,N/A,arunachal-pradesh
https://www.naukri.com/job-listings-customer-support-executive-teleperformance-global-business-private-limited-rupa-mumbai-0-to-4-years-260826921949,Access Denied,"You don't have permission to access ""http://www.naukri.com/job-listings-customer-support-executive-teleperformance-global-business-private-limited-rupa-mumbai-0-to-4-years-260826921949"" on this server.",N/A,N/A,N/A,N/A,N/A,N/A,N/A,N/A,N/A,N/A,N/A,N/A,N/A,N/A,N/A,N/A,N/A,arunachal-pradesh
https://www.naukri.com/job-listings-executive-operations-startek-rupa-mumbai-navi-mumbai-pune-0-to-4-years-290925501414,Access Denied,"You don't have permission to access ""http://www.naukri.com/job-listings-executive-operations-startek-rupa-mumbai-navi-mumbai-pune-0-to-4-years-290925501414"" on this server.",N/A,N/A,N/A,N/A,N/A,N/A,N/A,N/A,N/A,N/A,N/A,N/A,N/A,N/A,N/A,N/A,N/A,arunachal-pradesh
https://www.naukri.com/job-listings-team-lead-field-sales-paytm-shillong-gangtok-itanagar-3-to-8-years-130926003923,Access Denied,"You don't have permission to access ""http://www.naukri.com/job-listings-team-lead-field-sales-paytm-shillong-gangtok-itanagar-3-to-8-years-130926003923"" on this server.",N/A,N/A,N/A,N/A,N/A,N/A,N/A,N/A,N/A,N/A,N/A,N/A,N/A,N/A,N/A,N/A,N/A,arunachal-pradesh
https://www.naukri.com/job-listings-ro-affordable-professional-iifl-home-finance-palin-1-to-5-years-100926504680,Access Denied,"You don't have permission to access ""http://www.naukri.com/job-listings-ro-affordable-professional-iifl-home-finance-palin-1-to-5-years-100926504680"" on this server.",N/A,N/A,N/A,N/A,N/A,N/A,N/A,N/A,N/A,N/A,N/A,N/A,N/A,N/A,N/A,N/A,N/A,arunachal-pradesh
https://www.naukri.com/job-listings-assistant-manager-plcs-growth-s-e-bajaj-finance-limited-west-siang-aalo-2-to-3-years-100926932251,Access Denied,"You don't have permission to access ""http://www.naukri.com/job-listings-assistant-manager-plcs-growth-s-e-bajaj-finance-limited-west-siang-aalo-2-to-3-years-100926932251"" on this server.",N/A,N/A,N/A,N/A,N/A,N/A,N/A,N/A,N/A,N/A,N/A,N/A,N/A,N/A,N/A,N/A,N/A,arunachal-pradesh
https://www.naukri.com/job-listings-associate-sales-manager-bancassurance-axis-max-life-insurance-limited-naharlagun-aalo-itanagar-0-to-0-years-030926504883,Access Denied,"You don't have permission to access ""http://www.naukri.com/job-listings-associate-sales-manager-bancassurance-axis-max-life-insurance-limited-naharlagun-aalo-itanagar-0-to-0-years-030926504883"" on this server.",N/A,N/A,N/A,N/A,N/A,N/A,N/A,N/A,N/A,N/A,N/A,N/A,N/A,N/A,N/A,N/A,N/A,arunachal-pradesh
https://www.naukri.com/job-listings-business-manager-lap-au-financiers-india-limited-palin-3-to-12-years-070926506569,Access Denied,"You don't have permission to access ""http://www.naukri.com/job-listings-business-manager-lap-au-financiers-india-limited-palin-3-to-12-years-070926506569"" on this server.",N/A,N/A,N/A,N/A,N/A,N/A,N/A,N/A,N/A,N/A,N/A,N/A,N/A,N/A,N/A,N/A,N/A,arunachal-pradesh
https://www.naukri.com/job-listings-customer-support-executive-international-teleperformance-rupa-mumbai-2-to-7-years-120725502110,Access Denied,"You don't have permission to access ""http://www.naukri.com/job-listings-customer-support-executive-international-teleperformance-rupa-mumbai-2-to-7-years-120725502110"" on this server.",N/A,N/A,N/A,N/A,N/A,N/A,N/A,N/A,N/A,N/A,N/A,N/A,N/A,N/A,N/A,N/A,N/A,arunachal-pradesh
https://www.naukri.com/job-listings-welder-gas-and-electric-ceat-limited-khenewa-1-to-5-years-030426500788,Access Denied,"You don't have permission to access ""http://www.naukri.com/job-listings-welder-gas-and-electric-ceat-limited-khenewa-1-to-5-years-030426500788"" on this server.",N/A,N/A,N/A,N/A,N/A,N/A,N/A,N/A,N/A,N/A,N/A,N/A,N/A,N/A,N/A,N/A,N/A,arunachal-pradesh
https://www.naukri.com/job-listings-dot-net-developer-infosys-infosys-patna-ahmedabad-itanagar-5-to-9-years-100925042683,Access Denied,"You don't have permission to access ""http://www.naukri.com/job-listings-dot-net-developer-infosys-infosys-patna-ahmedabad-itanagar-5-to-9-years-100925042683"" on this server.",N/A,N/A,N/A,N/A,N/A,N/A,N/A,N/A,N/A,N/A,N/A,N/A,N/A,N/A,N/A,N/A,N/A,arunachal-pradesh
https://www.naukri.com/job-listings-fresher-maintenance-engineer-plus-hr-consultancy-mumbai-pune-ahmedabad-mumbai-all-areas-0-to-5-years-100926008988,Access Denied,"You don't have permission to access ""http://www.naukri.com/job-listings-fresher-maintenance-engineer-plus-hr-consultancy-mumbai-pune-ahmedabad-mumbai-all-areas-0-to-5-years-100926008988"" on this server.",N/A,N/A,N/A,N/A,N/A,N/A,N/A,N/A,N/A,N/A,N/A,N/A,N/A,N/A,N/A,N/A,N/A,gujarat
https://www.naukri.com/job-listings-optometrist-lenskart-solutions-private-limited-indore-ahmedabad-mumbai-all-areas-0-to-5-years-081025940441,Access Denied,"You don't have permission to access ""http://www.naukri.com/job-listings-optometrist-lenskart-solutions-private-limited-indore-ahmedabad-mumbai-all-areas-0-to-5-years-081025940441"" on this server.",N/A,N/A,N/A,N/A,N/A,N/A,N/A,N/A,N/A,N/A,N/A,N/A,N/A,N/A,N/A,N/A,N/A,gujarat
https://www.naukri.com/job-listings-assistant-sales-manager-hdfc-pension-pune-ahmedabad-mumbai-all-areas-2-to-7-years-010926026975,Access Denied,"You don't have permission to access ""http://www.naukri.com/job-listings-assistant-sales-manager-hdfc-pension-pune-ahmedabad-mumbai-all-areas-2-to-7-years-010926026975"" on this server.",N/A,N/A,N/A,N/A,N/A,N/A,N/A,N/A,N/A,N/A,N/A,N/A,N/A,N/A,N/A,N/A,N/A,gujarat
https://www.naukri.com/job-listings-hiring-for-restaurant-success-manager-for-bangalore-pune-ahmedabad-swiggy-pune-ahmedabad-bengaluru-1-to-6-years-030926033337,Access Denied,"You don't have permission to access ""http://www.naukri.com/job-listings-hiring-for-restaurant-success-manager-for-bangalore-pune-ahmedabad-swiggy-pune-ahmedabad-bengaluru-1-to-6-years-030926033337"" on this server.",N/A,N/A,N/A,N/A,N/A,N/A,N/A,N/A,N/A,N/A,N/A,N/A,N/A,N/A,N/A,N/A,N/A,gujarat
https://www.naukri.com/job-listings-associate-proposal-developer-iqvia-ahmedabad-bengaluru-mumbai-all-areas-1-to-3-years-250826011938,Access Denied,"You don't have permission to access ""http://www.naukri.com/job-listings-associate-proposal-developer-iqvia-ahmedabad-bengaluru-mumbai-all-areas-1-to-3-years-250826011938"" on this server.",N/A,N/A,N/A,N/A,N/A,N/A,N/A,N/A,N/A,N/A,N/A,N/A,N/A,N/A,N/A,N/A,N/A,gujarat
https://www.naukri.com/job-listings-regional-sales-lead-oyo-mumbai-pune-ahmedabad-2-to-7-years-070926034193,Access Denied,"You don't have permission to access ""http://www.naukri.com/job-listings-regional-sales-lead-oyo-mumbai-pune-ahmedabad-2-to-7-years-070926034193"" on this server.",N/A,N/A,N/A,N/A,N/A,N/A,N/A,N/A,N/A,N/A,N/A,N/A,N/A,N/A,N/A,N/A,N/A,gujarat
https://www.naukri.com/job-listings-urgent-hiring-sap-fico-gandhinagar-immediate-only-weekend-drive-f2f-capgemini-gandhinagar-ahmedabad-4-to-9-years-080926034931,Access Denied,"You don't have permission to access ""http://www.naukri.com/job-listings-urgent-hiring-sap-fico-gandhinagar-immediate-only-weekend-drive-f2f-capgemini-gandhinagar-ahmedabad-4-to-9-years-080926034931"" on this server.",N/A,N/A,N/A,N/A,N/A,N/A,N/A,N/A,N/A,N/A,N/A,N/A,N/A,N/A,N/A,N/A,N/A,gujarat
https://www.naukri.com/job-listings-sales-manager-g4s-pune-ahmedabad-mumbai-all-areas-5-to-10-years-020926015652,Access Denied,"You don't have permission to access ""http://www.naukri.com/job-listings-sales-manager-g4s-pune-ahmedabad-mumbai-all-areas-5-to-10-years-020926015652"" on this server.",N/A,N/A,N/A,N/A,N/A,N/A,N/A,N/A,N/A,N/A,N/A,N/A,N/A,N/A,N/A,N/A,N/A,gujarat
https://www.naukri.com/job-listings-automation-test-engineer-infosys-kolkata-ahmedabad-bengaluru-3-to-5-years-090926028899,Access Denied,"You don't have permission to access ""http://www.naukri.com/job-listings-automation-test-engineer-infosys-kolkata-ahmedabad-bengaluru-3-to-5-years-090926028899"" on this server.",N/A,N/A,N/A,N/A,N/A,N/A,N/A,N/A,N/A,N/A,N/A,N/A,N/A,N/A,N/A,N/A,N/A,gujarat
https://www.naukri.com/job-listings-hiring-it-hexaware-technologies-navi-mumbai-pune-ahmedabad-3-to-6-years-230525031835,Access Denied,"You don't have permission to access ""http://www.naukri.com/job-listings-hiring-it-hexaware-technologies-navi-mumbai-pune-ahmedabad-3-to-6-years-230525031835"" on this server.",N/A,N/A,N/A,N/A,N/A,N/A,N/A,N/A,N/A,N/A,N/A,N/A,N/A,N/A,N/A,N/A,N/A,gujarat
https://www.naukri.com/job-listings-associate-senior-associate-ip-and-corporate-law-s-s-rana-co-mumbai-hyderabad-pune-chennai-ahmedabad-bengaluru-3-to-8-years-190225504174,Access Denied,"You don't have permission to access ""http://www.naukri.com/job-listings-associate-senior-associate-ip-and-corporate-law-s-s-rana-co-mumbai-hyderabad-pune-chennai-ahmedabad-bengaluru-3-to-8-years-190225504174"" on this server.",N/A,N/A,N/A,N/A,N/A,N/A,N/A,N/A,N/A,N/A,N/A,N/A,N/A,N/A,N/A,N/A,N/A,gujarat
https://www.naukri.com/job-listings-ds-assistant-manager-accenture-solutions-pvt-ltd-ahmedabad-7-to-8-years-070926924081,Access Denied,"You don't have permission to access ""http://www.naukri.com/job-listings-ds-assistant-manager-accenture-solutions-pvt-ltd-ahmedabad-7-to-8-years-070926924081"" on this server.",N/A,N/A,N/A,N/A,N/A,N/A,N/A,N/A,N/A,N/A,N/A,N/A,N/A,N/A,N/A,N/A,N/A,gujarat
https://www.naukri.com/job-listings-agency-sales-manager-kotak-life-insurance-pune-ahmedabad-mumbai-all-areas-2-to-7-years-110926920294,Access Denied,"You don't have permission to access ""http://www.naukri.com/job-listings-agency-sales-manager-kotak-life-insurance-pune-ahmedabad-mumbai-all-areas-2-to-7-years-110926920294"" on this server.",N/A,N/A,N/A,N/A,N/A,N/A,N/A,N/A,N/A,N/A,N/A,N/A,N/A,N/A,N/A,N/A,N/A,gujarat
https://www.naukri.com/job-listings-government-business-manager-oyo-pune-ahmedabad-mumbai-all-areas-4-to-9-years-080926033239,Access Denied,"You don't have permission to access ""http://www.naukri.com/job-listings-government-business-manager-oyo-pune-ahmedabad-mumbai-all-areas-4-to-9-years-080926033239"" on this server.",N/A,N/A,N/A,N/A,N/A,N/A,N/A,N/A,N/A,N/A,N/A,N/A,N/A,N/A,N/A,N/A,N/A,gujarat
https://www.naukri.com/job-listings-sap-abap-hana-lead-capgemini-gandhinagar-ahmedabad-bengaluru-10-to-18-years-190826013346,Access Denied,"You don't have permission to access ""http://www.naukri.com/job-listings-sap-abap-hana-lead-capgemini-gandhinagar-ahmedabad-bengaluru-10-to-18-years-190826013346"" on this server.",N/A,N/A,N/A,N/A,N/A,N/A,N/A,N/A,N/A,N/A,N/A,N/A,N/A,N/A,N/A,N/A,N/A,gujarat
https://www.naukri.com/job-listings-exciting-opportunity-for-sap-mm-consultant-gandhinagar-gujarat-capgemini-gandhinagar-pune-mumbai-all-areas-5-to-10-years-090926026259,Access Denied,"You don't have permission to access ""http://www.naukri.com/job-listings-exciting-opportunity-for-sap-mm-consultant-gandhinagar-gujarat-capgemini-gandhinagar-pune-mumbai-all-areas-5-to-10-years-090926026259"" on this server.",N/A,N/A,N/A,N/A,N/A,N/A,N/A,N/A,N/A,N/A,N/A,N/A,N/A,N/A,N/A,N/A,N/A,gujarat
https://www.naukri.com/job-listings-senior-design-verification-engineer-tech-mahindra-ahmedabad-bengaluru-4-to-9-years-070926022431,Access Denied,"You don't have permission to access ""http://www.naukri.com/job-listings-senior-design-verification-engineer-tech-mahindra-ahmedabad-bengaluru-4-to-9-years-070926022431"" on this server.",N/A,N/A,N/A,N/A,N/A,N/A,N/A,N/A,N/A,N/A,N/A,N/A,N/A,N/A,N/A,N/A,N/A,gujarat
https://www.naukri.com/job-listings-assistant-manager-deputy-manager-alternate-investment-funds-kfin-technologies-mumbai-hyderabad-new-delhi-pune-chennai-ahmedabad-gurugram-bengaluru-5-to-9-years-010926504952,Access Denied,"You don't have permission to access ""http://www.naukri.com/job-listings-assistant-manager-deputy-manager-alternate-investment-funds-kfin-technologies-mumbai-hyderabad-new-delhi-pune-chennai-ahmedabad-gurugram-bengaluru-5-to-9-years-010926504952"" on this server.",N/A,N/A,N/A,N/A,N/A,N/A,N/A,N/A,N/A,N/A,N/A,N/A,N/A,N/A,N/A,N/A,N/A,gujarat
https://www.naukri.com/job-listings-data-bricks-etl-aws-engineer-hexaware-technologies-ahmedabad-chennai-bengaluru-9-to-12-years-070926024587,Access Denied,"You don't have permission to access ""http://www.naukri.com/job-listings-data-bricks-etl-aws-engineer-hexaware-technologies-ahmedabad-chennai-bengaluru-9-to-12-years-070926024587"" on this server.",N/A,N/A,N/A,N/A,N/A,N/A,N/A,N/A,N/A,N/A,N/A,N/A,N/A,N/A,N/A,N/A,N/A,gujarat
https://www.naukri.com/job-listings-sales-executive-reproductive-genetics-genetic-diagnostics-lifecell-mumbai-ahmedabad-bengaluru-1-to-15-years-090926013287,Access Denied,"You don't have permission to access ""http://www.naukri.com/job-listings-sales-executive-reproductive-genetics-genetic-diagnostics-lifecell-mumbai-ahmedabad-bengaluru-1-to-15-years-090926013287"" on this server.",N/A,N/A,N/A,N/A,N/A,N/A,N/A,N/A,N/A,N/A,N/A,N/A,N/A,N/A,N/A,N/A,N/A,gujarat
https://www.naukri.com/job-listings-cluster-sales-manager-muthoot-finance-visakhapatnam-warangal-hyderabad-3-to-5-years-130726017789,Access Denied,"You don't have permission to access ""http://www.naukri.com/job-listings-cluster-sales-manager-muthoot-finance-visakhapatnam-warangal-hyderabad-3-to-5-years-130726017789"" on this server.",N/A,N/A,N/A,N/A,N/A,N/A,N/A,N/A,N/A,N/A,N/A,N/A,N/A,N/A,N/A,N/A,N/A,andhra-pradesh
https://www.naukri.com/job-listings-executive-maintenance-hindustan-coca-cola-beverages-hccb-vijayawada-navi-mumbai-pune-3-to-7-years-020926022616,Access Denied,"You don't have permission to access ""http://www.naukri.com/job-listings-executive-maintenance-hindustan-coca-cola-beverages-hccb-vijayawada-navi-mumbai-pune-3-to-7-years-020926022616"" on this server.",N/A,N/A,N/A,N/A,N/A,N/A,N/A,N/A,N/A,N/A,N/A,N/A,N/A,N/A,N/A,N/A,N/A,andhra-pradesh
https://www.naukri.com/job-listings-cipla-ltd-hiring-for-hospital-business-manager-key-accounts-role-cipla-visakhapatnam-lucknow-mumbai-all-areas-5-to-10-years-230626047056,Access Denied,"You don't have permission to access ""http://www.naukri.com/job-listings-cipla-ltd-hiring-for-hospital-business-manager-key-accounts-role-cipla-visakhapatnam-lucknow-mumbai-all-areas-5-to-10-years-230626047056"" on this server.",N/A,N/A,N/A,N/A,N/A,N/A,N/A,N/A,N/A,N/A,N/A,N/A,N/A,N/A,N/A,N/A,N/A,andhra-pradesh
https://www.naukri.com/job-listings-sales-manager-banca-channel-kotak-life-insurance-vijayawada-hyderabad-bengaluru-1-to-6-years-090926011395,Access Denied,"You don't have permission to access ""http://www.naukri.com/job-listings-sales-manager-banca-channel-kotak-life-insurance-vijayawada-hyderabad-bengaluru-1-to-6-years-090926011395"" on this server.",N/A,N/A,N/A,N/A,N/A,N/A,N/A,N/A,N/A,N/A,N/A,N/A,N/A,N/A,N/A,N/A,N/A,andhra-pradesh
https://www.naukri.com/job-listings-associate-customer-care-blended-genpact-guntur-hyderabad-bapatla-0-to-2-years-140926009287,Access Denied,"You don't have permission to access ""http://www.naukri.com/job-listings-associate-customer-care-blended-genpact-guntur-hyderabad-bapatla-0-to-2-years-140926009287"" on this server.",N/A,N/A,N/A,N/A,N/A,N/A,N/A,N/A,N/A,N/A,N/A,N/A,N/A,N/A,N/A,N/A,N/A,andhra-pradesh
https://www.naukri.com/job-listings-fraud-control-unit-manager-chola-gold-trichy-bengaluru-nellore-chola-tiruchirappalli-nellore-bengaluru-5-to-8-years-070926033434,Access Denied,"You don't have permission to access ""http://www.naukri.com/job-listings-fraud-control-unit-manager-chola-gold-trichy-bengaluru-nellore-chola-tiruchirappalli-nellore-bengaluru-5-to-8-years-070926033434"" on this server.",N/A,N/A,N/A,N/A,N/A,N/A,N/A,N/A,N/A,N/A,N/A,N/A,N/A,N/A,N/A,N/A,N/A,andhra-pradesh
https://www.naukri.com/job-listings-executive-fermentation-production-biocon-visakhapatnam-bengaluru-1-to-3-years-040926020858,Access Denied,"You don't have permission to access ""http://www.naukri.com/job-listings-executive-fermentation-production-biocon-visakhapatnam-bengaluru-1-to-3-years-040926020858"" on this server.",N/A,N/A,N/A,N/A,N/A,N/A,N/A,N/A,N/A,N/A,N/A,N/A,N/A,N/A,N/A,N/A,N/A,andhra-pradesh
https://www.naukri.com/job-listings-reliability-engineer-jubilant-foodworks-jfl-vijayawada-3-to-7-years-291225014834,Access Denied,"You don't have permission to access ""http://www.naukri.com/job-listings-reliability-engineer-jubilant-foodworks-jfl-vijayawada-3-to-7-years-291225014834"" on this server.",N/A,N/A,N/A,N/A,N/A,N/A,N/A,N/A,N/A,N/A,N/A,N/A,N/A,N/A,N/A,N/A,N/A,andhra-pradesh
https://www.naukri.com/job-listings-transaction-processing-associate-iii-conduent-business-services-india-llp-visakhapatnam-0-to-5-years-140926903078,Access Denied,"You don't have permission to access ""http://www.naukri.com/job-listings-transaction-processing-associate-iii-conduent-business-services-india-llp-visakhapatnam-0-to-5-years-140926903078"" on this server.",N/A,N/A,N/A,N/A,N/A,N/A,N/A,N/A,N/A,N/A,N/A,N/A,N/A,N/A,N/A,N/A,N/A,andhra-pradesh
https://www.naukri.com/job-listings-field-sales-executive-bajaj-finance-kavali-0-to-1-years-080826010670,Access Denied,"You don't have permission to access ""http://www.naukri.com/job-listings-field-sales-executive-bajaj-finance-kavali-0-to-1-years-080826010670"" on this server.",N/A,N/A,N/A,N/A,N/A,N/A,N/A,N/A,N/A,N/A,N/A,N/A,N/A,N/A,N/A,N/A,N/A,andhra-pradesh
https://www.naukri.com/job-listings-sales-manager-banca-channel-kotak-life-insurance-visakhapatnam-hyderabad-bengaluru-1-to-6-years-080926024220,Access Denied,"You don't have permission to access ""http://www.naukri.com/job-listings-sales-manager-banca-channel-kotak-life-insurance-visakhapatnam-hyderabad-bengaluru-1-to-6-years-080926024220"" on this server.",N/A,N/A,N/A,N/A,N/A,N/A,N/A,N/A,N/A,N/A,N/A,N/A,N/A,N/A,N/A,N/A,N/A,andhra-pradesh
https://www.naukri.com/job-listings-associate-hro-employee-lifecycle-management-genpact-guntur-hyderabad-bapatla-0-to-2-years-140926003092,Access Denied,"You don't have permission to access ""http://www.naukri.com/job-listings-associate-hro-employee-lifecycle-management-genpact-guntur-hyderabad-bapatla-0-to-2-years-140926003092"" on this server.",N/A,N/A,N/A,N/A,N/A,N/A,N/A,N/A,N/A,N/A,N/A,N/A,N/A,N/A,N/A,N/A,N/A,andhra-pradesh
https://www.naukri.com/job-listings-agency-chief-managing-partner-l5-bangalore-7-vijayanagar-kotak-mahindra-life-insurance-company-limited-vijaynagar-bengaluru-4-to-6-years-110926921139,Access Denied,"You don't have permission to access ""http://www.naukri.com/job-listings-agency-chief-managing-partner-l5-bangalore-7-vijayanagar-kotak-mahindra-life-insurance-company-limited-vijaynagar-bengaluru-4-to-6-years-110926921139"" on this server.",N/A,N/A,N/A,N/A,N/A,N/A,N/A,N/A,N/A,N/A,N/A,N/A,N/A,N/A,N/A,N/A,N/A,andhra-pradesh
https://www.naukri.com/job-listings-sales-manager-banca-channel-kotak-life-insurance-visakhapatnam-hyderabad-1-to-6-years-080926024560,Access Denied,"You don't have permission to access ""http://www.naukri.com/job-listings-sales-manager-banca-channel-kotak-life-insurance-visakhapatnam-hyderabad-1-to-6-years-080926024560"" on this server.",N/A,N/A,N/A,N/A,N/A,N/A,N/A,N/A,N/A,N/A,N/A,N/A,N/A,N/A,N/A,N/A,N/A,andhra-pradesh
https://www.naukri.com/job-listings-transaction-processing-associate-i-conduent-business-services-india-llp-visakhapatnam-0-to-5-years-140926903055,Access Denied,"You don't have permission to access ""http://www.naukri.com/job-listings-transaction-processing-associate-i-conduent-business-services-india-llp-visakhapatnam-0-to-5-years-140926903055"" on this server.",N/A,N/A,N/A,N/A,N/A,N/A,N/A,N/A,N/A,N/A,N/A,N/A,N/A,N/A,N/A,N/A,N/A,andhra-pradesh
https://www.naukri.com/job-listings-transaction-processing-associate-ii-conduent-business-services-india-llp-visakhapatnam-0-to-5-years-140926902348,Access Denied,"You don't have permission to access ""http://www.naukri.com/job-listings-transaction-processing-associate-ii-conduent-business-services-india-llp-visakhapatnam-0-to-5-years-140926902348"" on this server.",N/A,N/A,N/A,N/A,N/A,N/A,N/A,N/A,N/A,N/A,N/A,N/A,N/A,N/A,N/A,N/A,N/A,andhra-pradesh
https://www.naukri.com/job-listings-transaction-processing-associate-i-conduent-business-services-india-llp-visakhapatnam-0-to-5-years-140926902333,Access Denied,"You don't have permission to access ""http://www.naukri.com/job-listings-transaction-processing-associate-i-conduent-business-services-india-llp-visakhapatnam-0-to-5-years-140926902333"" on this server.",N/A,N/A,N/A,N/A,N/A,N/A,N/A,N/A,N/A,N/A,N/A,N/A,N/A,N/A,N/A,N/A,N/A,andhra-pradesh
https://www.naukri.com/job-listings-sales-manager-banca-channel-kotak-life-insurance-rajamahendravaram-vijayawada-coimbatore-1-to-6-years-080926024819,Access Denied,"You don't have permission to access ""http://www.naukri.com/job-listings-sales-manager-banca-channel-kotak-life-insurance-rajamahendravaram-vijayawada-coimbatore-1-to-6-years-080926024819"" on this server.",N/A,N/A,N/A,N/A,N/A,N/A,N/A,N/A,N/A,N/A,N/A,N/A,N/A,N/A,N/A,N/A,N/A,andhra-pradesh
https://www.naukri.com/job-listings-fraud-control-unit-manager-chola-gold-vizag-mysore-chola-visakhapatnam-mysuru-5-to-8-years-070926033453,Access Denied,"You don't have permission to access ""http://www.naukri.com/job-listings-fraud-control-unit-manager-chola-gold-vizag-mysore-chola-visakhapatnam-mysuru-5-to-8-years-070926033453"" on this server.",N/A,N/A,N/A,N/A,N/A,N/A,N/A,N/A,N/A,N/A,N/A,N/A,N/A,N/A,N/A,N/A,N/A,andhra-pradesh
https://www.naukri.com/job-listings-hdfc-bank-branch-sales-officer-retail-branch-banking-kishanganj-hdfc-bank-kishanganj-1-to-4-years-140926004662,Access Denied,"You don't have permission to access ""http://www.naukri.com/job-listings-hdfc-bank-branch-sales-officer-retail-branch-banking-kishanganj-hdfc-bank-kishanganj-1-to-4-years-140926004662"" on this server.",N/A,N/A,N/A,N/A,N/A,N/A,N/A,N/A,N/A,N/A,N/A,N/A,N/A,N/A,N/A,N/A,N/A,bihar
https://www.naukri.com/job-listings-executive-debt-management-services-rural-bajaj-finance-limited-sawali-madhwapur-malarna-doongar-0-to-2-years-100926933470,Access Denied,"You don't have permission to access ""http://www.naukri.com/job-listings-executive-debt-management-services-rural-bajaj-finance-limited-sawali-madhwapur-malarna-doongar-0-to-2-years-100926933470"" on this server.",N/A,N/A,N/A,N/A,N/A,N/A,N/A,N/A,N/A,N/A,N/A,N/A,N/A,N/A,N/A,N/A,N/A,bihar
https://www.naukri.com/job-listings-executive-debt-management-services-rural-bajaj-finance-limited-bahadurganj-kishanganj-0-to-2-years-100926932101,Access Denied,"You don't have permission to access ""http://www.naukri.com/job-listings-executive-debt-management-services-rural-bajaj-finance-limited-bahadurganj-kishanganj-0-to-2-years-100926932101"" on this server.",N/A,N/A,N/A,N/A,N/A,N/A,N/A,N/A,N/A,N/A,N/A,N/A,N/A,N/A,N/A,N/A,N/A,bihar
https://www.naukri.com/job-listings-executive-debt-management-services-rural-bajaj-finance-limited-nokha-nagaur-0-to-2-years-100926933463,Access Denied,"You don't have permission to access ""http://www.naukri.com/job-listings-executive-debt-management-services-rural-bajaj-finance-limited-nokha-nagaur-0-to-2-years-100926933463"" on this server.",N/A,N/A,N/A,N/A,N/A,N/A,N/A,N/A,N/A,N/A,N/A,N/A,N/A,N/A,N/A,N/A,N/A,bihar
https://www.naukri.com/job-listings-executive-debt-management-services-rural-bajaj-finance-limited-samastipur-singhia-0-to-2-years-100926932095,Access Denied,"You don't have permission to access ""http://www.naukri.com/job-listings-executive-debt-management-services-rural-bajaj-finance-limited-samastipur-singhia-0-to-2-years-100926932095"" on this server.",N/A,N/A,N/A,N/A,N/A,N/A,N/A,N/A,N/A,N/A,N/A,N/A,N/A,N/A,N/A,N/A,N/A,bihar
https://www.naukri.com/job-listings-functional-trainee-bajaj-finance-limited-munger-0-to-1-years-100926926862,Access Denied,"You don't have permission to access ""http://www.naukri.com/job-listings-functional-trainee-bajaj-finance-limited-munger-0-to-1-years-100926926862"" on this server.",N/A,N/A,N/A,N/A,N/A,N/A,N/A,N/A,N/A,N/A,N/A,N/A,N/A,N/A,N/A,N/A,N/A,bihar
https://www.naukri.com/job-listings-senior-executive-debt-management-services-rural-bajaj-finance-limited-phulparas-madhubani-0-to-2-years-100926932181,Access Denied,"You don't have permission to access ""http://www.naukri.com/job-listings-senior-executive-debt-management-services-rural-bajaj-finance-limited-phulparas-madhubani-0-to-2-years-100926932181"" on this server.",N/A,N/A,N/A,N/A,N/A,N/A,N/A,N/A,N/A,N/A,N/A,N/A,N/A,N/A,N/A,N/A,N/A,bihar
https://www.naukri.com/job-listings-human-resource-manager-bajaj-finance-patna-1-to-3-years-130926003683,Access Denied,"You don't have permission to access ""http://www.naukri.com/job-listings-human-resource-manager-bajaj-finance-patna-1-to-3-years-130926003683"" on this server.",N/A,N/A,N/A,N/A,N/A,N/A,N/A,N/A,N/A,N/A,N/A,N/A,N/A,N/A,N/A,N/A,N/A,bihar
https://www.naukri.com/job-listings-executive-debt-management-services-rural-bajaj-finance-limited-amarpur-0-to-2-years-100926932099,Access Denied,"You don't have permission to access ""http://www.naukri.com/job-listings-executive-debt-management-services-rural-bajaj-finance-limited-amarpur-0-to-2-years-100926932099"" on this server.",N/A,N/A,N/A,N/A,N/A,N/A,N/A,N/A,N/A,N/A,N/A,N/A,N/A,N/A,N/A,N/A,N/A,bihar
https://www.naukri.com/job-listings-executive-debt-management-services-rural-bajaj-finance-limited-katihar-0-to-2-years-100926932104,Access Denied,"You don't have permission to access ""http://www.naukri.com/job-listings-executive-debt-management-services-rural-bajaj-finance-limited-katihar-0-to-2-years-100926932104"" on this server.",N/A,N/A,N/A,N/A,N/A,N/A,N/A,N/A,N/A,N/A,N/A,N/A,N/A,N/A,N/A,N/A,N/A,bihar
https://www.naukri.com/job-listings-executive-debt-management-services-rural-bajaj-finance-limited-rafiganj-0-to-2-years-100926932111,Access Denied,"You don't have permission to access ""http://www.naukri.com/job-listings-executive-debt-management-services-rural-bajaj-finance-limited-rafiganj-0-to-2-years-100926932111"" on this server.",N/A,N/A,N/A,N/A,N/A,N/A,N/A,N/A,N/A,N/A,N/A,N/A,N/A,N/A,N/A,N/A,N/A,bihar
https://www.naukri.com/job-listings-executive-debt-management-services-rural-bajaj-finance-limited-rohtak-bikramganj-0-to-2-years-100926932097,Access Denied,"You don't have permission to access ""http://www.naukri.com/job-listings-executive-debt-management-services-rural-bajaj-finance-limited-rohtak-bikramganj-0-to-2-years-100926932097"" on this server.",N/A,N/A,N/A,N/A,N/A,N/A,N/A,N/A,N/A,N/A,N/A,N/A,N/A,N/A,N/A,N/A,N/A,bihar
https://www.naukri.com/job-listings-lab-technician-hindustan-latex-family-planning-promotion-trust-hlfppt-mumbai-motihari-sitamarhi-1-to-4-years-090926000608,Access Denied,"You don't have permission to access ""http://www.naukri.com/job-listings-lab-technician-hindustan-latex-family-planning-promotion-trust-hlfppt-mumbai-motihari-sitamarhi-1-to-4-years-090926000608"" on this server.",N/A,N/A,N/A,N/A,N/A,N/A,N/A,N/A,N/A,N/A,N/A,N/A,N/A,N/A,N/A,N/A,N/A,bihar
https://www.naukri.com/job-listings-associate-sales-manager-axis-max-life-insurance-limited-bhagalpur-muzaffarpur-patna-gaya-0-to-5-years-110926504617,Access Denied,"You don't have permission to access ""http://www.naukri.com/job-listings-associate-sales-manager-axis-max-life-insurance-limited-bhagalpur-muzaffarpur-patna-gaya-0-to-5-years-110926504617"" on this server.",N/A,N/A,N/A,N/A,N/A,N/A,N/A,N/A,N/A,N/A,N/A,N/A,N/A,N/A,N/A,N/A,N/A,bihar
https://www.naukri.com/job-listings-survey-manager-sr-surveyor-surveyor-survey-design-dilip-buildcon-bhagalpur-baruch-karnataka-8-to-13-years-140926003852,Access Denied,"You don't have permission to access ""http://www.naukri.com/job-listings-survey-manager-sr-surveyor-surveyor-survey-design-dilip-buildcon-bhagalpur-baruch-karnataka-8-to-13-years-140926003852"" on this server.",N/A,N/A,N/A,N/A,N/A,N/A,N/A,N/A,N/A,N/A,N/A,N/A,N/A,N/A,N/A,N/A,N/A,bihar
https://www.naukri.com/job-listings-senior-telecaller-m-s-green-life-foundation-patna-2-to-7-years-130926004420,Access Denied,"You don't have permission to access ""http://www.naukri.com/job-listings-senior-telecaller-m-s-green-life-foundation-patna-2-to-7-years-130926004420"" on this server.",N/A,N/A,N/A,N/A,N/A,N/A,N/A,N/A,N/A,N/A,N/A,N/A,N/A,N/A,N/A,N/A,N/A,bihar
https://www.naukri.com/job-listings-associate-team-member-nomc-secure-meters-patna-0-to-4-years-210526026884,Access Denied,"You don't have permission to access ""http://www.naukri.com/job-listings-associate-team-member-nomc-secure-meters-patna-0-to-4-years-210526026884"" on this server.",N/A,N/A,N/A,N/A,N/A,N/A,N/A,N/A,N/A,N/A,N/A,N/A,N/A,N/A,N/A,N/A,N/A,bihar
https://www.naukri.com/job-listings-manager-pwc-gurua-hyderabad-bengaluru-9-to-14-years-280826010387,Access Denied,"You don't have permission to access ""http://www.naukri.com/job-listings-manager-pwc-gurua-hyderabad-bengaluru-9-to-14-years-280826010387"" on this server.",N/A,N/A,N/A,N/A,N/A,N/A,N/A,N/A,N/A,N/A,N/A,N/A,N/A,N/A,N/A,N/A,N/A,bihar
https://www.naukri.com/job-listings-front-desk-receptionist-vertex-india-manali-1-to-2-years-140926908007,Access Denied,"You don't have permission to access ""http://www.naukri.com/job-listings-front-desk-receptionist-vertex-india-manali-1-to-2-years-140926908007"" on this server.",N/A,N/A,N/A,N/A,N/A,N/A,N/A,N/A,N/A,N/A,N/A,N/A,N/A,N/A,N/A,N/A,N/A,himachal-pradesh
https://www.naukri.com/job-listings-executive-quality-mondelez-international-baddi-4-to-9-years-110926500953,Access Denied,"You don't have permission to access ""http://www.naukri.com/job-listings-executive-quality-mondelez-international-baddi-4-to-9-years-110926500953"" on this server.",N/A,N/A,N/A,N/A,N/A,N/A,N/A,N/A,N/A,N/A,N/A,N/A,N/A,N/A,N/A,N/A,N/A,himachal-pradesh
https://www.naukri.com/job-listings-environmental-health-and-safety-executive-zydus-lifesciences-baddi-2-to-5-years-110926018824,Access Denied,"You don't have permission to access ""http://www.naukri.com/job-listings-environmental-health-and-safety-executive-zydus-lifesciences-baddi-2-to-5-years-110926018824"" on this server.",N/A,N/A,N/A,N/A,N/A,N/A,N/A,N/A,N/A,N/A,N/A,N/A,N/A,N/A,N/A,N/A,N/A,himachal-pradesh
https://www.naukri.com/job-listings-executive-debt-management-services-rural-bajaj-finance-limited-bilaspur-ghumarwin-0-to-2-years-100926932160,Access Denied,"You don't have permission to access ""http://www.naukri.com/job-listings-executive-debt-management-services-rural-bajaj-finance-limited-bilaspur-ghumarwin-0-to-2-years-100926932160"" on this server.",N/A,N/A,N/A,N/A,N/A,N/A,N/A,N/A,N/A,N/A,N/A,N/A,N/A,N/A,N/A,N/A,N/A,himachal-pradesh
https://www.naukri.com/job-listings-relationship-associate-bancassurance-axis-max-life-insurance-limited-shimla-0-to-5-years-090926504275,Access Denied,"You don't have permission to access ""http://www.naukri.com/job-listings-relationship-associate-bancassurance-axis-max-life-insurance-limited-shimla-0-to-5-years-090926504275"" on this server.",N/A,N/A,N/A,N/A,N/A,N/A,N/A,N/A,N/A,N/A,N/A,N/A,N/A,N/A,N/A,N/A,N/A,himachal-pradesh
https://www.naukri.com/job-listings-mines-blaster-adani-group-kangra-3-to-7-years-110926024163,Access Denied,"You don't have permission to access ""http://www.naukri.com/job-listings-mines-blaster-adani-group-kangra-3-to-7-years-110926024163"" on this server.",N/A,N/A,N/A,N/A,N/A,N/A,N/A,N/A,N/A,N/A,N/A,N/A,N/A,N/A,N/A,N/A,N/A,himachal-pradesh
https://www.naukri.com/job-listings-relationship-manager-gl-west-bajaj-finance-limited-kangra-palanpur-4-to-6-years-100926933688,Access Denied,"You don't have permission to access ""http://www.naukri.com/job-listings-relationship-manager-gl-west-bajaj-finance-limited-kangra-palanpur-4-to-6-years-100926933688"" on this server.",N/A,N/A,N/A,N/A,N/A,N/A,N/A,N/A,N/A,N/A,N/A,N/A,N/A,N/A,N/A,N/A,N/A,himachal-pradesh
https://www.naukri.com/job-listings-assistant-manager-rural-term-loan-prime-bajaj-finance-limited-kangra-palanpur-2-to-3-years-100926932259,Access Denied,"You don't have permission to access ""http://www.naukri.com/job-listings-assistant-manager-rural-term-loan-prime-bajaj-finance-limited-kangra-palanpur-2-to-3-years-100926932259"" on this server.",N/A,N/A,N/A,N/A,N/A,N/A,N/A,N/A,N/A,N/A,N/A,N/A,N/A,N/A,N/A,N/A,N/A,himachal-pradesh
https://www.naukri.com/job-listings-associate-agency-development-manager-axis-max-life-insurance-limited-shimla-0-to-5-years-090926504305,Access Denied,"You don't have permission to access ""http://www.naukri.com/job-listings-associate-agency-development-manager-axis-max-life-insurance-limited-shimla-0-to-5-years-090926504305"" on this server.",N/A,N/A,N/A,N/A,N/A,N/A,N/A,N/A,N/A,N/A,N/A,N/A,N/A,N/A,N/A,N/A,N/A,himachal-pradesh
https://www.naukri.com/job-listings-branch-manager-gl-west-bajaj-finance-limited-kangra-palanpur-4-to-6-years-100926933726,Access Denied,"You don't have permission to access ""http://www.naukri.com/job-listings-branch-manager-gl-west-bajaj-finance-limited-kangra-palanpur-4-to-6-years-100926933726"" on this server.",N/A,N/A,N/A,N/A,N/A,N/A,N/A,N/A,N/A,N/A,N/A,N/A,N/A,N/A,N/A,N/A,N/A,himachal-pradesh
https://www.naukri.com/job-listings-qc-analyst-mankind-pharma-paonta-sahib-2-to-6-years-300526013701,Access Denied,"You don't have permission to access ""http://www.naukri.com/job-listings-qc-analyst-mankind-pharma-paonta-sahib-2-to-6-years-300526013701"" on this server.",N/A,N/A,N/A,N/A,N/A,N/A,N/A,N/A,N/A,N/A,N/A,N/A,N/A,N/A,N/A,N/A,N/A,himachal-pradesh
https://www.naukri.com/job-listings-relationship-manager-gl-west-bajaj-finance-limited-dehradun-shimla-4-to-6-years-100926933583,Access Denied,"You don't have permission to access ""http://www.naukri.com/job-listings-relationship-manager-gl-west-bajaj-finance-limited-dehradun-shimla-4-to-6-years-100926933583"" on this server.",N/A,N/A,N/A,N/A,N/A,N/A,N/A,N/A,N/A,N/A,N/A,N/A,N/A,N/A,N/A,N/A,N/A,himachal-pradesh
https://www.naukri.com/job-listings-branch-manager-gl-west-bajaj-finance-limited-dehradun-shimla-4-to-6-years-100926933594,Access Denied,"You don't have permission to access ""http://www.naukri.com/job-listings-branch-manager-gl-west-bajaj-finance-limited-dehradun-shimla-4-to-6-years-100926933594"" on this server.",N/A,N/A,N/A,N/A,N/A,N/A,N/A,N/A,N/A,N/A,N/A,N/A,N/A,N/A,N/A,N/A,N/A,himachal-pradesh
https://www.naukri.com/job-listings-project-execution-engineer-dr-reddys-visakhapatnam-hyderabad-baddi-3-to-8-years-080926000018,Access Denied,"You don't have permission to access ""http://www.naukri.com/job-listings-project-execution-engineer-dr-reddys-visakhapatnam-hyderabad-baddi-3-to-8-years-080926000018"" on this server.",N/A,N/A,N/A,N/A,N/A,N/A,N/A,N/A,N/A,N/A,N/A,N/A,N/A,N/A,N/A,N/A,N/A,himachal-pradesh
https://www.naukri.com/job-listings-senior-sales-manager-team-handling-sresth-info-solutions-surat-patiala-kullu-ambala-amritsar-jammu-moga-3-to-5-years-120926014881,Access Denied,"You don't have permission to access ""http://www.naukri.com/job-listings-senior-sales-manager-team-handling-sresth-info-solutions-surat-patiala-kullu-ambala-amritsar-jammu-moga-3-to-5-years-120926014881"" on this server.",N/A,N/A,N/A,N/A,N/A,N/A,N/A,N/A,N/A,N/A,N/A,N/A,N/A,N/A,N/A,N/A,N/A,himachal-pradesh
https://www.naukri.com/job-listings-we-are-hiring-territory-sales-executive-manager-mandi-dr-lal-pathlabs-mandi-1-to-6-years-110926003542,Access Denied,"You don't have permission to access ""http://www.naukri.com/job-listings-we-are-hiring-territory-sales-executive-manager-mandi-dr-lal-pathlabs-mandi-1-to-6-years-110926003542"" on this server.",N/A,N/A,N/A,N/A,N/A,N/A,N/A,N/A,N/A,N/A,N/A,N/A,N/A,N/A,N/A,N/A,N/A,himachal-pradesh
https://www.naukri.com/job-listings-sales-for-coaching-kaamsetu-fast-mumbai-pune-hamirpur-3-to-5-years-070926033260,Access Denied,"You don't have permission to access ""http://www.naukri.com/job-listings-sales-for-coaching-kaamsetu-fast-mumbai-pune-hamirpur-3-to-5-years-070926033260"" on this server.",N/A,N/A,N/A,N/A,N/A,N/A,N/A,N/A,N/A,N/A,N/A,N/A,N/A,N/A,N/A,N/A,N/A,himachal-pradesh
https://www.naukri.com/job-listings-district-technical-head-adani-group-kangra-3-to-7-years-110926000505,Access Denied,"You don't have permission to access ""http://www.naukri.com/job-listings-district-technical-head-adani-group-kangra-3-to-7-years-110926000505"" on this server.",N/A,N/A,N/A,N/A,N/A,N/A,N/A,N/A,N/A,N/A,N/A,N/A,N/A,N/A,N/A,N/A,N/A,himachal-pradesh
https://www.naukri.com/job-listings-project-execution-engineer-contractual-dr-reddys-visakhapatnam-hyderabad-baddi-3-to-8-years-110926012172,Access Denied,"You don't have permission to access ""http://www.naukri.com/job-listings-project-execution-engineer-contractual-dr-reddys-visakhapatnam-hyderabad-baddi-3-to-8-years-110926012172"" on this server.",N/A,N/A,N/A,N/A,N/A,N/A,N/A,N/A,N/A,N/A,N/A,N/A,N/A,N/A,N/A,N/A,N/A,himachal-pradesh
https://www.naukri.com/job-listings-accounts-officer-dmart-bhilai-bilaspur-1-to-6-years-120926013921,Access Denied,"You don't have permission to access ""http://www.naukri.com/job-listings-accounts-officer-dmart-bhilai-bilaspur-1-to-6-years-120926013921"" on this server.",N/A,N/A,N/A,N/A,N/A,N/A,N/A,N/A,N/A,N/A,N/A,N/A,N/A,N/A,N/A,N/A,N/A,chhattisgarh
https://www.naukri.com/job-listings-lead-security-adani-group-raigarh-3-to-7-years-120926015986,Access Denied,"You don't have permission to access ""http://www.naukri.com/job-listings-lead-security-adani-group-raigarh-3-to-7-years-120926015986"" on this server.",N/A,N/A,N/A,N/A,N/A,N/A,N/A,N/A,N/A,N/A,N/A,N/A,N/A,N/A,N/A,N/A,N/A,chhattisgarh
https://www.naukri.com/job-listings-walk-in-interview-drive-bilaspur-cg-adani-group-korba-4-to-9-years-130926000062,Access Denied,"You don't have permission to access ""http://www.naukri.com/job-listings-walk-in-interview-drive-bilaspur-cg-adani-group-korba-4-to-9-years-130926000062"" on this server.",N/A,N/A,N/A,N/A,N/A,N/A,N/A,N/A,N/A,N/A,N/A,N/A,N/A,N/A,N/A,N/A,N/A,chhattisgarh
https://www.naukri.com/job-listings-sales-manager-agency-channel-kotak-life-insurance-pune-bhilai-raipur-0-to-2-years-110926920305,Access Denied,"You don't have permission to access ""http://www.naukri.com/job-listings-sales-manager-agency-channel-kotak-life-insurance-pune-bhilai-raipur-0-to-2-years-110926920305"" on this server.",N/A,N/A,N/A,N/A,N/A,N/A,N/A,N/A,N/A,N/A,N/A,N/A,N/A,N/A,N/A,N/A,N/A,chhattisgarh
https://www.naukri.com/job-listings-deputy-manager-ad-sales-raipur-my-fm-radio-division-of-dainik-bhaskar-group-raipur-8-to-10-years-120926009772,Access Denied,"You don't have permission to access ""http://www.naukri.com/job-listings-deputy-manager-ad-sales-raipur-my-fm-radio-division-of-dainik-bhaskar-group-raipur-8-to-10-years-120926009772"" on this server.",N/A,N/A,N/A,N/A,N/A,N/A,N/A,N/A,N/A,N/A,N/A,N/A,N/A,N/A,N/A,N/A,N/A,chhattisgarh
https://www.naukri.com/job-listings-assistant-manager-civil-projects-adani-group-raigarh-3-to-7-years-130926003528,Access Denied,"You don't have permission to access ""http://www.naukri.com/job-listings-assistant-manager-civil-projects-adani-group-raigarh-3-to-7-years-130926003528"" on this server.",N/A,N/A,N/A,N/A,N/A,N/A,N/A,N/A,N/A,N/A,N/A,N/A,N/A,N/A,N/A,N/A,N/A,chhattisgarh
https://www.naukri.com/job-listings-zonal-sales-manager-airtel-korba-bilaspur-raipur-5-to-10-years-120926015556,Access Denied,"You don't have permission to access ""http://www.naukri.com/job-listings-zonal-sales-manager-airtel-korba-bilaspur-raipur-5-to-10-years-120926015556"" on this server.",N/A,N/A,N/A,N/A,N/A,N/A,N/A,N/A,N/A,N/A,N/A,N/A,N/A,N/A,N/A,N/A,N/A,chhattisgarh
https://www.naukri.com/job-listings-assistant-manager-team-handling-sresth-info-solutions-surat-nagpur-nashik-pune-bilaspur-raipur-chhatrapati-sambhajinagar-2-to-5-years-120926014943,Access Denied,"You don't have permission to access ""http://www.naukri.com/job-listings-assistant-manager-team-handling-sresth-info-solutions-surat-nagpur-nashik-pune-bilaspur-raipur-chhatrapati-sambhajinagar-2-to-5-years-120926014943"" on this server.",N/A,N/A,N/A,N/A,N/A,N/A,N/A,N/A,N/A,N/A,N/A,N/A,N/A,N/A,N/A,N/A,N/A,chhattisgarh
https://www.naukri.com/job-listings-assistant-manager-land-acquisition-adani-group-tamnar-3-to-7-years-120926015978,Access Denied,"You don't have permission to access ""http://www.naukri.com/job-listings-assistant-manager-land-acquisition-adani-group-tamnar-3-to-7-years-120926015978"" on this server.",N/A,N/A,N/A,N/A,N/A,N/A,N/A,N/A,N/A,N/A,N/A,N/A,N/A,N/A,N/A,N/A,N/A,chhattisgarh
https://www.naukri.com/job-listings-hiring-for-personal-banker-classic-rbb-chhattisgarh-hdfc-bank-ambikapur-korba-raipur-3-to-5-years-180826015517,Access Denied,"You don't have permission to access ""http://www.naukri.com/job-listings-hiring-for-personal-banker-classic-rbb-chhattisgarh-hdfc-bank-ambikapur-korba-raipur-3-to-5-years-180826015517"" on this server.",N/A,N/A,N/A,N/A,N/A,N/A,N/A,N/A,N/A,N/A,N/A,N/A,N/A,N/A,N/A,N/A,N/A,chhattisgarh
https://www.naukri.com/job-listings-relationship-manager-gl-north-west-bajaj-finance-limited-mumbai-kharghar-2-to-4-years-030926927534,Access Denied,"You don't have permission to access ""http://www.naukri.com/job-listings-relationship-manager-gl-north-west-bajaj-finance-limited-mumbai-kharghar-2-to-4-years-030926927534"" on this server.",N/A,N/A,N/A,N/A,N/A,N/A,N/A,N/A,N/A,N/A,N/A,N/A,N/A,N/A,N/A,N/A,N/A,chhattisgarh
https://www.naukri.com/job-listings-branch-relationship-manager-sresth-info-solutions-surat-nagpur-nashik-pune-bilaspur-raipur-chhatrapati-sambhajinagar-2-to-5-years-120926015006,Access Denied,"You don't have permission to access ""http://www.naukri.com/job-listings-branch-relationship-manager-sresth-info-solutions-surat-nagpur-nashik-pune-bilaspur-raipur-chhatrapati-sambhajinagar-2-to-5-years-120926015006"" on this server.",N/A,N/A,N/A,N/A,N/A,N/A,N/A,N/A,N/A,N/A,N/A,N/A,N/A,N/A,N/A,N/A,N/A,chhattisgarh
https://www.naukri.com/job-listings-senior-officer-cat-loyalty-axis-max-life-insurance-limited-korba-raigarh-bhilai-bilaspur-raipur-0-to-5-years-110926504726,Access Denied,"You don't have permission to access ""http://www.naukri.com/job-listings-senior-officer-cat-loyalty-axis-max-life-insurance-limited-korba-raigarh-bhilai-bilaspur-raipur-0-to-5-years-110926504726"" on this server.",N/A,N/A,N/A,N/A,N/A,N/A,N/A,N/A,N/A,N/A,N/A,N/A,N/A,N/A,N/A,N/A,N/A,chhattisgarh
https://www.naukri.com/job-listings-branch-manager-gl-west-bajaj-finance-limited-mumbai-kharghar-4-to-6-years-100926932115,Access Denied,"You don't have permission to access ""http://www.naukri.com/job-listings-branch-manager-gl-west-bajaj-finance-limited-mumbai-kharghar-4-to-6-years-100926932115"" on this server.",N/A,N/A,N/A,N/A,N/A,N/A,N/A,N/A,N/A,N/A,N/A,N/A,N/A,N/A,N/A,N/A,N/A,chhattisgarh
https://www.naukri.com/job-listings-sap-scm-apo-consultant-adore-technosoft-opc-bangalore-rural-bhilai-bengaluru-12-to-30-years-310826003731,Access Denied,"You don't have permission to access ""http://www.naukri.com/job-listings-sap-scm-apo-consultant-adore-technosoft-opc-bangalore-rural-bhilai-bengaluru-12-to-30-years-310826003731"" on this server.",N/A,N/A,N/A,N/A,N/A,N/A,N/A,N/A,N/A,N/A,N/A,N/A,N/A,N/A,N/A,N/A,N/A,chhattisgarh
https://www.naukri.com/job-listings-sap-s-4hana-embedded-production-planning-and-detailed-scheduling-adore-technosoft-opc-bhilai-bengaluru-mumbai-all-areas-15-to-30-years-310826011958,Access Denied,"You don't have permission to access ""http://www.naukri.com/job-listings-sap-s-4hana-embedded-production-planning-and-detailed-scheduling-adore-technosoft-opc-bhilai-bengaluru-mumbai-all-areas-15-to-30-years-310826011958"" on this server.",N/A,N/A,N/A,N/A,N/A,N/A,N/A,N/A,N/A,N/A,N/A,N/A,N/A,N/A,N/A,N/A,N/A,chhattisgarh
https://www.naukri.com/job-listings-sap-ariba-consultant-adore-technosoft-opc-bhilai-bengaluru-mumbai-all-areas-15-to-30-years-310826011138,Access Denied,"You don't have permission to access ""http://www.naukri.com/job-listings-sap-ariba-consultant-adore-technosoft-opc-bhilai-bengaluru-mumbai-all-areas-15-to-30-years-310826011138"" on this server.",N/A,N/A,N/A,N/A,N/A,N/A,N/A,N/A,N/A,N/A,N/A,N/A,N/A,N/A,N/A,N/A,N/A,chhattisgarh
https://www.naukri.com/job-listings-sap-co-consultant-adore-technosoft-opc-bhilai-bengaluru-mumbai-all-areas-15-to-30-years-310826010901,Access Denied,"You don't have permission to access ""http://www.naukri.com/job-listings-sap-co-consultant-adore-technosoft-opc-bhilai-bengaluru-mumbai-all-areas-15-to-30-years-310826010901"" on this server.",N/A,N/A,N/A,N/A,N/A,N/A,N/A,N/A,N/A,N/A,N/A,N/A,N/A,N/A,N/A,N/A,N/A,chhattisgarh
https://www.naukri.com/job-listings-sap-sd-consultant-adore-technosoft-opc-bhilai-bengaluru-mumbai-all-areas-15-to-30-years-310826010778,Access Denied,"You don't have permission to access ""http://www.naukri.com/job-listings-sap-sd-consultant-adore-technosoft-opc-bhilai-bengaluru-mumbai-all-areas-15-to-30-years-310826010778"" on this server.",N/A,N/A,N/A,N/A,N/A,N/A,N/A,N/A,N/A,N/A,N/A,N/A,N/A,N/A,N/A,N/A,N/A,chhattisgarh
https://www.naukri.com/job-listings-sap-s4-hana-finance-consultant-adore-technosoft-opc-bhilai-bengaluru-mumbai-all-areas-12-to-30-years-310826006196,Access Denied,"You don't have permission to access ""http://www.naukri.com/job-listings-sap-s4-hana-finance-consultant-adore-technosoft-opc-bhilai-bengaluru-mumbai-all-areas-12-to-30-years-310826006196"" on this server.",N/A,N/A,N/A,N/A,N/A,N/A,N/A,N/A,N/A,N/A,N/A,N/A,N/A,N/A,N/A,N/A,N/A,chhattisgarh
https://www.naukri.com/job-listings-tech-digital-delivery-lead-hdfc-bank-guwahati-0-to-1-years-110926015453,Access Denied,"You don't have permission to access ""http://www.naukri.com/job-listings-tech-digital-delivery-lead-hdfc-bank-guwahati-0-to-1-years-110926015453"" on this server.",N/A,N/A,N/A,N/A,N/A,N/A,N/A,N/A,N/A,N/A,N/A,N/A,N/A,N/A,N/A,N/A,N/A,assam
https://www.naukri.com/job-listings-used-car-evaluator-cars24-guwahati-mumbai-mumbai-suburban-1-to-10-years-080926016267,Access Denied,"You don't have permission to access ""http://www.naukri.com/job-listings-used-car-evaluator-cars24-guwahati-mumbai-mumbai-suburban-1-to-10-years-080926016267"" on this server.",N/A,N/A,N/A,N/A,N/A,N/A,N/A,N/A,N/A,N/A,N/A,N/A,N/A,N/A,N/A,N/A,N/A,assam
https://www.naukri.com/job-listings-territory-executive-alternate-channel-guwahati-exide-industries-guwahati-2-to-3-years-050926006787,Access Denied,"You don't have permission to access ""http://www.naukri.com/job-listings-territory-executive-alternate-channel-guwahati-exide-industries-guwahati-2-to-3-years-050926006787"" on this server.",N/A,N/A,N/A,N/A,N/A,N/A,N/A,N/A,N/A,N/A,N/A,N/A,N/A,N/A,N/A,N/A,N/A,assam
https://www.naukri.com/job-listings-we-are-hiring-for-field-sales-executive-randstad-guwahati-silchar-agartala-0-to-1-years-200826022958,Access Denied,"You don't have permission to access ""http://www.naukri.com/job-listings-we-are-hiring-for-field-sales-executive-randstad-guwahati-silchar-agartala-0-to-1-years-200826022958"" on this server.",N/A,N/A,N/A,N/A,N/A,N/A,N/A,N/A,N/A,N/A,N/A,N/A,N/A,N/A,N/A,N/A,N/A,assam
https://www.naukri.com/job-listings-chiller-technician-sodexo-morigaon-4-to-9-years-140926000106,Access Denied,"You don't have permission to access ""http://www.naukri.com/job-listings-chiller-technician-sodexo-morigaon-4-to-9-years-140926000106"" on this server.",N/A,N/A,N/A,N/A,N/A,N/A,N/A,N/A,N/A,N/A,N/A,N/A,N/A,N/A,N/A,N/A,N/A,assam
https://www.naukri.com/job-listings-senior-rakshak-manager-defence-axis-max-life-insurance-limited-guwahati-silchar-dibrugarh-tezpur-nagaon-0-to-5-years-110926504752,Access Denied,"You don't have permission to access ""http://www.naukri.com/job-listings-senior-rakshak-manager-defence-axis-max-life-insurance-limited-guwahati-silchar-dibrugarh-tezpur-nagaon-0-to-5-years-110926504752"" on this server.",N/A,N/A,N/A,N/A,N/A,N/A,N/A,N/A,N/A,N/A,N/A,N/A,N/A,N/A,N/A,N/A,N/A,assam
https://www.naukri.com/job-listings-executive-debt-management-services-rural-bajaj-finance-limited-dhubri-0-to-2-years-100926932173,Access Denied,"You don't have permission to access ""http://www.naukri.com/job-listings-executive-debt-management-services-rural-bajaj-finance-limited-dhubri-0-to-2-years-100926932173"" on this server.",N/A,N/A,N/A,N/A,N/A,N/A,N/A,N/A,N/A,N/A,N/A,N/A,N/A,N/A,N/A,N/A,N/A,assam
https://www.naukri.com/job-listings-engineering-associate-hilton-guwahati-0-to-1-years-100926501221,Access Denied,"You don't have permission to access ""http://www.naukri.com/job-listings-engineering-associate-hilton-guwahati-0-to-1-years-100926501221"" on this server.",N/A,N/A,N/A,N/A,N/A,N/A,N/A,N/A,N/A,N/A,N/A,N/A,N/A,N/A,N/A,N/A,N/A,assam
https://www.naukri.com/job-listings-opening-for-key-account-manager-hospital-care-division-lupin-guwahati-kolkata-siliguri-5-to-10-years-080926027353,Access Denied,"You don't have permission to access ""http://www.naukri.com/job-listings-opening-for-key-account-manager-hospital-care-division-lupin-guwahati-kolkata-siliguri-5-to-10-years-080926027353"" on this server.",N/A,N/A,N/A,N/A,N/A,N/A,N/A,N/A,N/A,N/A,N/A,N/A,N/A,N/A,N/A,N/A,N/A,assam
https://www.naukri.com/job-listings-business-development-manager-architect-and-ids-havells-guwahati-patna-mumbai-all-areas-4-to-9-years-200826038554,Access Denied,"You don't have permission to access ""http://www.naukri.com/job-listings-business-development-manager-architect-and-ids-havells-guwahati-patna-mumbai-all-areas-4-to-9-years-200826038554"" on this server.",N/A,N/A,N/A,N/A,N/A,N/A,N/A,N/A,N/A,N/A,N/A,N/A,N/A,N/A,N/A,N/A,N/A,assam
https://www.naukri.com/job-listings-we-are-hiring-for-branch-sales-executive-randstad-guwahati-tezpur-jorhat-0-to-1-years-200826022401,Access Denied,"You don't have permission to access ""http://www.naukri.com/job-listings-we-are-hiring-for-branch-sales-executive-randstad-guwahati-tezpur-jorhat-0-to-1-years-200826022401"" on this server.",N/A,N/A,N/A,N/A,N/A,N/A,N/A,N/A,N/A,N/A,N/A,N/A,N/A,N/A,N/A,N/A,N/A,assam
https://www.naukri.com/job-listings-abcp-area-head-hdfc-bank-guwahati-silchar-5-to-8-years-140926008013,Access Denied,"You don't have permission to access ""http://www.naukri.com/job-listings-abcp-area-head-hdfc-bank-guwahati-silchar-5-to-8-years-140926008013"" on this server.",N/A,N/A,N/A,N/A,N/A,N/A,N/A,N/A,N/A,N/A,N/A,N/A,N/A,N/A,N/A,N/A,N/A,assam
https://www.naukri.com/job-listings-senior-executive-debt-management-services-unpl-bajaj-finance-limited-guwahati-0-to-2-years-100926925793,Access Denied,"You don't have permission to access ""http://www.naukri.com/job-listings-senior-executive-debt-management-services-unpl-bajaj-finance-limited-guwahati-0-to-2-years-100926925793"" on this server.",N/A,N/A,N/A,N/A,N/A,N/A,N/A,N/A,N/A,N/A,N/A,N/A,N/A,N/A,N/A,N/A,N/A,assam
https://www.naukri.com/job-listings-executive-debt-management-services-rural-bajaj-finance-limited-dhubri-0-to-2-years-100926925739,Access Denied,"You don't have permission to access ""http://www.naukri.com/job-listings-executive-debt-management-services-rural-bajaj-finance-limited-dhubri-0-to-2-years-100926925739"" on this server.",N/A,N/A,N/A,N/A,N/A,N/A,N/A,N/A,N/A,N/A,N/A,N/A,N/A,N/A,N/A,N/A,N/A,assam
https://www.naukri.com/job-listings-relationship-associate-bancassurance-axis-max-life-insurance-limited-guwahati-silchar-dibrugarh-tezpur-nagaon-0-to-5-years-100926504040,Access Denied,"You don't have permission to access ""http://www.naukri.com/job-listings-relationship-associate-bancassurance-axis-max-life-insurance-limited-guwahati-silchar-dibrugarh-tezpur-nagaon-0-to-5-years-100926504040"" on this server.",N/A,N/A,N/A,N/A,N/A,N/A,N/A,N/A,N/A,N/A,N/A,N/A,N/A,N/A,N/A,N/A,N/A,assam
https://www.naukri.com/job-listings-hostess-hilton-guwahati-0-to-5-years-100926501118,Access Denied,"You don't have permission to access ""http://www.naukri.com/job-listings-hostess-hilton-guwahati-0-to-5-years-100926501118"" on this server.",N/A,N/A,N/A,N/A,N/A,N/A,N/A,N/A,N/A,N/A,N/A,N/A,N/A,N/A,N/A,N/A,N/A,assam
https://www.naukri.com/job-listings-f-b-associate-hilton-guwahati-0-to-6-years-100926501117,Access Denied,"You don't have permission to access ""http://www.naukri.com/job-listings-f-b-associate-hilton-guwahati-0-to-6-years-100926501117"" on this server.",N/A,N/A,N/A,N/A,N/A,N/A,N/A,N/A,N/A,N/A,N/A,N/A,N/A,N/A,N/A,N/A,N/A,assam
https://www.naukri.com/job-listings-pathologist-consultant-lupin-diagnostics-silchar-navi-mumbai-kanpur-5-to-7-years-160826003973,Access Denied,"You don't have permission to access ""http://www.naukri.com/job-listings-pathologist-consultant-lupin-diagnostics-silchar-navi-mumbai-kanpur-5-to-7-years-160826003973"" on this server.",N/A,N/A,N/A,N/A,N/A,N/A,N/A,N/A,N/A,N/A,N/A,N/A,N/A,N/A,N/A,N/A,N/A,assam
https://www.naukri.com/job-listings-java-developer-guwahati-infosys-guwahati-5-to-9-years-310326036159,Access Denied,"You don't have permission to access ""http://www.naukri.com/job-listings-java-developer-guwahati-infosys-guwahati-5-to-9-years-310326036159"" on this server.",N/A,N/A,N/A,N/A,N/A,N/A,N/A,N/A,N/A,N/A,N/A,N/A,N/A,N/A,N/A,N/A,N/A,assam
https://www.naukri.com/job-listings-senior-manager-customer-care-service-manager-tata-motors-guwahati-kolkata-patna-5-to-10-years-270826019022,Access Denied,"You don't have permission to access ""http://www.naukri.com/job-listings-senior-manager-customer-care-service-manager-tata-motors-guwahati-kolkata-patna-5-to-10-years-270826019022"" on this server.",N/A,N/A,N/A,N/A,N/A,N/A,N/A,N/A,N/A,N/A,N/A,N/A,N/A,N/A,N/A,N/A,N/A,assam
